,aggregated_duration_nnconv2d,aggregated_percentage_nnconv2d,aggregated_count_nnconv2d,total_duration,total_percentage,total_count,aggregated_duration_nnbiasadd,aggregated_percentage_nnbiasadd,aggregated_count_nnbiasadd,aggregated_duration_nnrelu,aggregated_percentage_nnrelu,aggregated_count_nnrelu,aggregated_duration_nnmaxpool2d,aggregated_percentage_nnmaxpool2d,aggregated_count_nnmaxpool2d,aggregated_duration_nndense,aggregated_percentage_nndense,aggregated_count_nndense,aggregated_duration_add,aggregated_percentage_add,aggregated_count_add,label_model_name,aggregated_duration_rsqrt,aggregated_percentage_rsqrt,aggregated_count_rsqrt,aggregated_duration_multiply,aggregated_percentage_multiply,aggregated_count_multiply,aggregated_duration_negative,aggregated_percentage_negative,aggregated_count_negative,aggregated_duration_nnglobalavgpool2d,aggregated_percentage_nnglobalavgpool2d,aggregated_count_nnglobalavgpool2d,aggregated_duration_concatenate,aggregated_percentage_concatenate,aggregated_count_concatenate,aggregated_duration_nnavgpool2d,aggregated_percentage_nnavgpool2d,aggregated_count_nnavgpool2d,aggregated_duration_clip,aggregated_percentage_clip,aggregated_count_clip,aggregated_duration_transpose,aggregated_percentage_transpose,aggregated_count_transpose,aggregated_duration_split,aggregated_percentage_split,aggregated_count_split,aggregated_duration_mean,aggregated_percentage_mean,aggregated_count_mean,aggregated_duration_nnlrn,aggregated_percentage_nnlrn,aggregated_count_nnlrn,aggregated_duration_nnsoftmax,aggregated_percentage_nnsoftmax,aggregated_count_nnsoftmax
0,795334.9,89.58251000000001,13.0,885648.711,99.75500585300004,52.0,3288.9330000000004,0.3704490499999999,13.0,2782.9729999999995,0.3134602179999999,15.0,1460.681,0.16452381,5.0,82769.56000000001,9.322749000000002,3.0,11.664,0.001313775,3.0,vgg16-7.onnx,0.0,0.0,0.0,0.0,0.0,0.0,0.0,0.0,0.0,0.0,0.0,0.0,0.0,0.0,0.0,0.0,0.0,0.0,0.0,0.0,0.0,0.0,0.0,0.0,0.0,0.0,0.0,0.0,0.0,0.0,0.0,0.0,0.0,0.0,0.0,0.0
1,658518.5999999999,87.07592,13.0,754896.8309999998,99.820022418,52.0,5454.554999999999,0.7212568400000001,13.0,5109.341999999999,0.6756088100000001,15.0,1881.878,0.24884058,5.0,83918.91,11.096605,3.0,13.546,0.001791188,3.0,vgg16-7.onnx,0.0,0.0,0.0,0.0,0.0,0.0,0.0,0.0,0.0,0.0,0.0,0.0,0.0,0.0,0.0,0.0,0.0,0.0,0.0,0.0,0.0,0.0,0.0,0.0,0.0,0.0,0.0,0.0,0.0,0.0,0.0,0.0,0.0,0.0,0.0,0.0
2,762112.24,85.51624299999999,13.0,889933.9379999997,99.85903980999998,52.0,6796.852000000001,0.7626737100000001,13.0,6269.26,0.7034713069999999,15.0,2012.784,0.2258538,5.0,112728.65,12.64921,3.0,14.152,0.001587993,3.0,vgg16-7.onnx,0.0,0.0,0.0,0.0,0.0,0.0,0.0,0.0,0.0,0.0,0.0,0.0,0.0,0.0,0.0,0.0,0.0,0.0,0.0,0.0,0.0,0.0,0.0,0.0,0.0,0.0,0.0,0.0,0.0,0.0,0.0,0.0,0.0,0.0,0.0,0.0
3,1177938.2,68.472796,13.0,1717134.556,99.816007055,52.0,8560.502999999999,0.4976171,13.0,6479.654,0.37665872,15.0,3675.704,0.21366621,5.0,520465.7,30.254409,3.0,14.795000000000002,0.0008600249999999,3.0,vgg16-7.onnx,0.0,0.0,0.0,0.0,0.0,0.0,0.0,0.0,0.0,0.0,0.0,0.0,0.0,0.0,0.0,0.0,0.0,0.0,0.0,0.0,0.0,0.0,0.0,0.0,0.0,0.0,0.0,0.0,0.0,0.0,0.0,0.0,0.0,0.0,0.0,0.0
4,648622.05,86.98596000000002,13.0,744447.2849999999,99.83697382699998,52.0,4339.896,0.58201849,13.0,3899.488,0.52295591,15.0,1584.583,0.21250662,5.0,85988.28,11.531791,3.0,12.988,0.001741807,3.0,vgg16-7.onnx,0.0,0.0,0.0,0.0,0.0,0.0,0.0,0.0,0.0,0.0,0.0,0.0,0.0,0.0,0.0,0.0,0.0,0.0,0.0,0.0,0.0,0.0,0.0,0.0,0.0,0.0,0.0,0.0,0.0,0.0,0.0,0.0,0.0,0.0,0.0,0.0
5,875581.9,89.08051999999999,13.0,981673.92,99.87418226999998,52.0,7478.108000000001,0.7608133,13.0,6868.635999999999,0.698806475,15.0,2781.8479999999995,0.28302127,5.0,88949.38,9.049592,3.0,14.048,0.001429225,3.0,vgg16-7.onnx,0.0,0.0,0.0,0.0,0.0,0.0,0.0,0.0,0.0,0.0,0.0,0.0,0.0,0.0,0.0,0.0,0.0,0.0,0.0,0.0,0.0,0.0,0.0,0.0,0.0,0.0,0.0,0.0,0.0,0.0,0.0,0.0,0.0,0.0,0.0,0.0
6,614679.6300000001,86.34573,13.0,710716.9920000001,99.83636612,52.0,6046.986,0.8494373599999999,13.0,5589.93,0.7852320119999998,15.0,1820.187,0.2556867399999999,5.0,82567.68,11.598513,3.0,12.579,0.001767008,3.0,vgg16-7.onnx,0.0,0.0,0.0,0.0,0.0,0.0,0.0,0.0,0.0,0.0,0.0,0.0,0.0,0.0,0.0,0.0,0.0,0.0,0.0,0.0,0.0,0.0,0.0,0.0,0.0,0.0,0.0,0.0,0.0,0.0,0.0,0.0,0.0,0.0,0.0,0.0
7,645358.52,86.76747000000002,13.0,742601.5839999999,99.84164540599998,52.0,6050.534000000001,0.8134838300000001,13.0,5660.187,0.7610040069999998,15.0,1831.545,0.24624753,5.0,83687.67,11.251675,3.0,13.128000000000002,0.001765039,3.0,vgg16-7.onnx,0.0,0.0,0.0,0.0,0.0,0.0,0.0,0.0,0.0,0.0,0.0,0.0,0.0,0.0,0.0,0.0,0.0,0.0,0.0,0.0,0.0,0.0,0.0,0.0,0.0,0.0,0.0,0.0,0.0,0.0,0.0,0.0,0.0,0.0,0.0,0.0
8,829012.0000000001,87.90763,13.0,941725.973,99.859700535,52.0,6811.593,0.7222947800000001,13.0,6297.121999999999,0.6677406370000001,15.0,1906.293,0.20214124,5.0,97682.84,10.358184,3.0,16.125,0.001709878,3.0,vgg16-7.onnx,0.0,0.0,0.0,0.0,0.0,0.0,0.0,0.0,0.0,0.0,0.0,0.0,0.0,0.0,0.0,0.0,0.0,0.0,0.0,0.0,0.0,0.0,0.0,0.0,0.0,0.0,0.0,0.0,0.0,0.0,0.0,0.0,0.0,0.0,0.0,0.0
9,690262.1,86.62052,13.0,795601.045,99.839434208,52.0,6740.861,0.8459063699999999,13.0,6182.461,0.77583285,15.0,1865.9,0.2341501299999999,5.0,90537.5,11.361491,3.0,12.223,0.001533858,3.0,vgg16-7.onnx,0.0,0.0,0.0,0.0,0.0,0.0,0.0,0.0,0.0,0.0,0.0,0.0,0.0,0.0,0.0,0.0,0.0,0.0,0.0,0.0,0.0,0.0,0.0,0.0,0.0,0.0,0.0,0.0,0.0,0.0,0.0,0.0,0.0,0.0,0.0,0.0
10,619095.0799999998,86.09589,13.0,717899.958,99.836431092,52.0,6409.746,0.8913856,13.0,6121.846,0.8513485739999999,15.0,1993.866,0.27728143,5.0,84265.79,11.71863,3.0,13.63,0.0018954879999999,3.0,vgg16-7.onnx,0.0,0.0,0.0,0.0,0.0,0.0,0.0,0.0,0.0,0.0,0.0,0.0,0.0,0.0,0.0,0.0,0.0,0.0,0.0,0.0,0.0,0.0,0.0,0.0,0.0,0.0,0.0,0.0,0.0,0.0,0.0,0.0,0.0,0.0,0.0,0.0
11,813084.8,89.24633,13.0,909855.7800000004,99.86817050999998,52.0,6276.691999999999,0.68894546,13.0,6078.696999999999,0.6672138500000001,15.0,1940.51,0.21299574,5.0,82462.65,9.051320999999998,3.0,12.431,0.0013644599999999,3.0,vgg16-7.onnx,0.0,0.0,0.0,0.0,0.0,0.0,0.0,0.0,0.0,0.0,0.0,0.0,0.0,0.0,0.0,0.0,0.0,0.0,0.0,0.0,0.0,0.0,0.0,0.0,0.0,0.0,0.0,0.0,0.0,0.0,0.0,0.0,0.0,0.0,0.0,0.0
12,668110.0099999999,85.43172,13.0,780832.2939999999,99.845623434,52.0,6163.407999999999,0.78811957,13.0,5988.485000000001,0.7657516549999998,15.0,2065.692,0.26414136,5.0,98491.21,12.594165999999998,3.0,13.489,0.001724849,3.0,vgg16-7.onnx,0.0,0.0,0.0,0.0,0.0,0.0,0.0,0.0,0.0,0.0,0.0,0.0,0.0,0.0,0.0,0.0,0.0,0.0,0.0,0.0,0.0,0.0,0.0,0.0,0.0,0.0,0.0,0.0,0.0,0.0,0.0,0.0,0.0,0.0,0.0,0.0
13,678957.6000000001,86.72677,13.0,781644.0279999997,99.843431786,52.0,6292.054,0.8037168500000001,13.0,5943.428,0.759184892,15.0,1937.49,0.2474857799999999,5.0,88500.37999999999,11.304604,3.0,13.076,0.001670264,3.0,vgg16-7.onnx,0.0,0.0,0.0,0.0,0.0,0.0,0.0,0.0,0.0,0.0,0.0,0.0,0.0,0.0,0.0,0.0,0.0,0.0,0.0,0.0,0.0,0.0,0.0,0.0,0.0,0.0,0.0,0.0,0.0,0.0,0.0,0.0,0.0,0.0,0.0,0.0
14,756735.6,88.52189000000001,13.0,853661.1880000002,99.860128837,52.0,6351.4980000000005,0.7429906500000002,13.0,5848.843999999999,0.6841901090000003,15.0,1812.45,0.2120178399999999,5.0,82899.86,9.697527,3.0,12.936,0.001513238,3.0,vgg16-7.onnx,0.0,0.0,0.0,0.0,0.0,0.0,0.0,0.0,0.0,0.0,0.0,0.0,0.0,0.0,0.0,0.0,0.0,0.0,0.0,0.0,0.0,0.0,0.0,0.0,0.0,0.0,0.0,0.0,0.0,0.0,0.0,0.0,0.0,0.0,0.0,0.0
15,641120.7,86.79391000000001,13.0,737459.5780000001,99.83611887200004,52.0,6218.868,0.84190155,13.0,5746.320999999999,0.777926808,15.0,1892.915,0.25626014,5.0,82468.79,11.164498,3.0,11.984,0.001622374,3.0,vgg16-7.onnx,0.0,0.0,0.0,0.0,0.0,0.0,0.0,0.0,0.0,0.0,0.0,0.0,0.0,0.0,0.0,0.0,0.0,0.0,0.0,0.0,0.0,0.0,0.0,0.0,0.0,0.0,0.0,0.0,0.0,0.0,0.0,0.0,0.0,0.0,0.0,0.0
16,648843.6,86.78433,13.0,746462.9550000002,99.84115798199996,52.0,6095.936000000001,0.81534577,13.0,5655.422999999999,0.7564272540000001,15.0,1851.756,0.24767714,5.0,84003.15,11.235627,3.0,13.09,0.001750818,3.0,vgg16-7.onnx,0.0,0.0,0.0,0.0,0.0,0.0,0.0,0.0,0.0,0.0,0.0,0.0,0.0,0.0,0.0,0.0,0.0,0.0,0.0,0.0,0.0,0.0,0.0,0.0,0.0,0.0,0.0,0.0,0.0,0.0,0.0,0.0,0.0,0.0,0.0,0.0
17,674102.82,86.72789,13.0,775014.9129999998,99.710908315,52.0,6185.8550000000005,0.7958517,13.0,5835.634,0.750794375,15.0,1982.823,0.25510341,5.0,86894.53,11.179564,3.0,13.251,0.00170483,3.0,vgg16-7.onnx,0.0,0.0,0.0,0.0,0.0,0.0,0.0,0.0,0.0,0.0,0.0,0.0,0.0,0.0,0.0,0.0,0.0,0.0,0.0,0.0,0.0,0.0,0.0,0.0,0.0,0.0,0.0,0.0,0.0,0.0,0.0,0.0,0.0,0.0,0.0,0.0
18,694795.3899999999,86.76703000000002,13.0,799566.6290000001,99.850992607,52.0,6262.506999999999,0.7820689099999999,13.0,6067.398000000001,0.757705487,15.0,1841.563,0.22997652,5.0,90587.69,11.312703,3.0,12.081,0.00150869,3.0,vgg16-7.onnx,0.0,0.0,0.0,0.0,0.0,0.0,0.0,0.0,0.0,0.0,0.0,0.0,0.0,0.0,0.0,0.0,0.0,0.0,0.0,0.0,0.0,0.0,0.0,0.0,0.0,0.0,0.0,0.0,0.0,0.0,0.0,0.0,0.0,0.0,0.0,0.0
19,643379.5000000001,86.92470000000002,13.0,738975.3359999999,99.84031988000002,52.0,6072.081999999999,0.82037687,13.0,5611.437,0.7581429500000002,15.0,1902.895,0.25709349,5.0,81996.28,11.078231,3.0,13.142,0.00177557,3.0,vgg16-7.onnx,0.0,0.0,0.0,0.0,0.0,0.0,0.0,0.0,0.0,0.0,0.0,0.0,0.0,0.0,0.0,0.0,0.0,0.0,0.0,0.0,0.0,0.0,0.0,0.0,0.0,0.0,0.0,0.0,0.0,0.0,0.0,0.0,0.0,0.0,0.0,0.0
20,442602.741,91.055271,104.0,469975.5130000001,96.68658575699996,1139.0,3003.142000000001,0.6178269600000001,66.0,3691.247,0.7593887599999998,100.0,411.343,0.0846243,1.0,994.582,0.204612,1.0,9475.855000000003,1.949438077,346.0,resnet101-v1-7.onnx,1501.643,0.3089283699999999,104.0,6864.182000000003,1.4121467599999995,312.0,1368.146,0.2814644300000001,104.0,62.632,0.0128851,1.0,0.0,0.0,0.0,0.0,0.0,0.0,0.0,0.0,0.0,0.0,0.0,0.0,0.0,0.0,0.0,0.0,0.0,0.0,0.0,0.0,0.0,0.0,0.0,0.0
21,814394.8250000001,83.51315249999999,104.0,938772.2449999994,96.2675909189998,1139.0,11666.942999999994,1.19640273,66.0,19434.118,1.99289619,100.0,401.309,0.0411527,1.0,2506.01,0.256982,1.0,57166.58300000002,5.862214499000007,346.0,resnet101-v1-7.onnx,4477.176000000001,0.4591178100000001,104.0,26180.389,2.684703259999999,312.0,2495.944,0.25594979,104.0,48.948,0.00501944,1.0,0.0,0.0,0.0,0.0,0.0,0.0,0.0,0.0,0.0,0.0,0.0,0.0,0.0,0.0,0.0,0.0,0.0,0.0,0.0,0.0,0.0,0.0,0.0,0.0
22,496548.623,90.71464500000002,104.0,531028.0960000003,97.01371217699992,1139.0,4443.241,0.81173727,66.0,4521.479,0.8260303999999999,100.0,438.054,0.0800282,1.0,1429.88,0.261226,1.0,11772.773000000008,2.1507719469999973,346.0,resnet101-v1-7.onnx,1657.435,0.30279731,104.0,8663.044000000004,1.5826544599999994,312.0,1496.821,0.2734546899999999,104.0,56.746,0.0103669,1.0,0.0,0.0,0.0,0.0,0.0,0.0,0.0,0.0,0.0,0.0,0.0,0.0,0.0,0.0,0.0,0.0,0.0,0.0,0.0,0.0,0.0,0.0,0.0,0.0
23,487905.1439999999,88.51375300000007,104.0,534165.362,96.90609375600022,1139.0,7976.979999999999,1.44715159,66.0,5280.070999999997,0.95788909,100.0,419.494,0.0761029,1.0,2290.49,0.415531,1.0,15274.485000000002,2.771035225999999,346.0,resnet101-v1-7.onnx,1605.482,0.2912600800000001,104.0,11887.228,2.156532229999999,312.0,1475.0119999999995,0.2675907799999999,104.0,50.976,0.00924786,1.0,0.0,0.0,0.0,0.0,0.0,0.0,0.0,0.0,0.0,0.0,0.0,0.0,0.0,0.0,0.0,0.0,0.0,0.0,0.0,0.0,0.0,0.0,0.0,0.0
24,473779.12,88.45386499999998,104.0,519679.585,97.02341724199992,1139.0,7263.543000000001,1.3560936000000003,66.0,5723.637999999999,1.0685950500000008,100.0,1045.63,0.195218,1.0,2308.83,0.431055,1.0,15583.753000000004,2.909463942000001,346.0,resnet101-v1-7.onnx,1464.9839999999992,0.2735103699999999,104.0,11016.226000000004,2.056714649999998,312.0,1442.5970000000004,0.2693307200000001,104.0,51.264,0.00957091,1.0,0.0,0.0,0.0,0.0,0.0,0.0,0.0,0.0,0.0,0.0,0.0,0.0,0.0,0.0,0.0,0.0,0.0,0.0,0.0,0.0,0.0,0.0,0.0,0.0
25,473178.11700000014,88.80491300000001,104.0,516408.1390000008,96.91821700599986,1139.0,6290.030999999997,1.1804982300000002,66.0,5164.349999999998,0.9692326800000002,100.0,438.711,0.0823362,1.0,2329.02,0.437105,1.0,14978.861,2.8111963560000004,346.0,resnet101-v1-7.onnx,1509.8599999999997,0.2833668299999999,104.0,11117.208999999995,2.086448510000001,312.0,1352.1039999999998,0.25375959,104.0,49.876,0.00936061,1.0,0.0,0.0,0.0,0.0,0.0,0.0,0.0,0.0,0.0,0.0,0.0,0.0,0.0,0.0,0.0,0.0,0.0,0.0,0.0,0.0,0.0,0.0,0.0,0.0
26,490983.96900000016,88.69814600000001,104.0,537141.6010000007,97.03670074100006,1139.0,7121.929999999998,1.2866042000000006,66.0,5619.784,1.01523562,100.0,475.258,0.0858572,1.0,2424.25,0.437951,1.0,16157.36,2.918889040999998,346.0,resnet101-v1-7.onnx,1500.9769999999996,0.27115728,104.0,11189.817999999988,2.021483669999999,312.0,1617.5310000000013,0.2922132399999999,104.0,50.724,0.00916349,1.0,0.0,0.0,0.0,0.0,0.0,0.0,0.0,0.0,0.0,0.0,0.0,0.0,0.0,0.0,0.0,0.0,0.0,0.0,0.0,0.0,0.0,0.0,0.0,0.0
27,467183.75600000017,89.30359199999998,104.0,507265.441000001,96.965326126,1139.0,6002.18,1.1473347499999995,66.0,4956.051999999999,0.9473641799999996,100.0,414.208,0.0791771,1.0,2261.59,0.43231,1.0,14148.734000000017,2.704573006000002,346.0,resnet101-v1-7.onnx,1473.0700000000004,0.28158177,104.0,9398.979,1.7966424899999995,312.0,1376.727,0.2631654600000001,104.0,50.145,0.00958537,1.0,0.0,0.0,0.0,0.0,0.0,0.0,0.0,0.0,0.0,0.0,0.0,0.0,0.0,0.0,0.0,0.0,0.0,0.0,0.0,0.0,0.0,0.0,0.0,0.0
28,477831.823,89.370459,104.0,518312.3010000002,96.9416543319999,1139.0,5781.238999999997,1.0812837199999998,66.0,5115.562999999998,0.95677993,100.0,425.126,0.0795127,1.0,2275.99,0.425686,1.0,14170.993999999995,2.650447231999999,346.0,resnet101-v1-7.onnx,1556.4809999999995,0.29111368,104.0,9663.701999999996,1.8074338700000008,312.0,1443.436,0.2699705199999999,104.0,47.947,0.00896768,1.0,0.0,0.0,0.0,0.0,0.0,0.0,0.0,0.0,0.0,0.0,0.0,0.0,0.0,0.0,0.0,0.0,0.0,0.0,0.0,0.0,0.0,0.0,0.0,0.0
29,475665.6479999998,89.636926,104.0,514464.0509999996,96.948297995,1139.0,5855.901999999999,1.1035167499999998,66.0,4723.462,0.89011358,100.0,432.747,0.0815491,1.0,2314.39,0.436135,1.0,13437.498999999994,2.5322325150000022,346.0,resnet101-v1-7.onnx,1482.86,0.2794377799999999,104.0,9153.467,1.7249265900000004,312.0,1348.0279999999998,0.25402938,104.0,50.048,0.0094313,1.0,0.0,0.0,0.0,0.0,0.0,0.0,0.0,0.0,0.0,0.0,0.0,0.0,0.0,0.0,0.0,0.0,0.0,0.0,0.0,0.0,0.0,0.0,0.0,0.0
30,471647.6170000001,90.55813500000002,104.0,505470.0610000004,97.052174283,1139.0,4500.6050000000005,0.8641334799999999,66.0,4492.392999999999,0.8625567800000001,100.0,419.765,0.0805965,1.0,1508.34,0.289607,1.0,11563.242000000006,2.2201865830000003,346.0,resnet101-v1-7.onnx,1477.9449999999997,0.2837710699999998,104.0,8285.803,1.5909064500000003,312.0,1522.5760000000005,0.2923404199999999,104.0,51.775,0.009941,1.0,0.0,0.0,0.0,0.0,0.0,0.0,0.0,0.0,0.0,0.0,0.0,0.0,0.0,0.0,0.0,0.0,0.0,0.0,0.0,0.0,0.0,0.0,0.0,0.0
31,455556.1709999998,90.872863,104.0,486323.08700000006,97.01014935900004,1139.0,3801.189,0.7582490499999998,66.0,4019.815999999998,0.80185998,100.0,416.588,0.0830996,1.0,1436.9,0.286628,1.0,10663.996999999994,2.1272204090000004,346.0,resnet101-v1-7.onnx,1465.6769999999997,0.2923686000000001,104.0,7558.655999999995,1.5077766700000017,312.0,1347.077,0.2687106500000001,104.0,57.016,0.0113734,1.0,0.0,0.0,0.0,0.0,0.0,0.0,0.0,0.0,0.0,0.0,0.0,0.0,0.0,0.0,0.0,0.0,0.0,0.0,0.0,0.0,0.0,0.0,0.0,0.0
32,465130.2930000001,91.05247500000004,104.0,495851.2280000002,97.06631025000011,1139.0,3907.147,0.76485112,66.0,3955.532000000001,0.7743227400000001,100.0,412.174,0.0806859,1.0,1407.46,0.27552,1.0,10609.806,2.0769428000000016,346.0,resnet101-v1-7.onnx,1459.292,0.2856665,104.0,7558.165999999998,1.47956316,312.0,1362.0229999999997,0.26662536,104.0,49.335,0.00965767,1.0,0.0,0.0,0.0,0.0,0.0,0.0,0.0,0.0,0.0,0.0,0.0,0.0,0.0,0.0,0.0,0.0,0.0,0.0,0.0,0.0,0.0,0.0,0.0,0.0
33,461813.8020000001,90.86648299999992,104.0,493251.3160000002,97.05212645099996,1139.0,3857.022,0.7589073700000001,66.0,4184.999000000001,0.82344036,100.0,412.892,0.0812406,1.0,1424.72,0.280327,1.0,11014.228,2.167159230999999,346.0,resnet101-v1-7.onnx,1480.322,0.29126807,104.0,7656.865,1.5065646199999994,312.0,1356.58,0.2669206299999999,104.0,49.886,0.00981557,1.0,0.0,0.0,0.0,0.0,0.0,0.0,0.0,0.0,0.0,0.0,0.0,0.0,0.0,0.0,0.0,0.0,0.0,0.0,0.0,0.0,0.0,0.0,0.0,0.0
34,505387.6750000003,90.46046200000002,104.0,542872.6140000005,97.16997383,1139.0,5336.945999999999,0.9552716999999998,66.0,4505.168000000001,0.8063899400000002,100.0,434.788,0.0778237,1.0,1852.37,0.33156,1.0,12684.613000000005,2.2704464900000003,346.0,resnet101-v1-7.onnx,1668.6920000000007,0.2986829000000001,104.0,9224.999000000003,1.651203050000001,312.0,1726.6790000000003,0.3090620099999999,104.0,50.684,0.00907204,1.0,0.0,0.0,0.0,0.0,0.0,0.0,0.0,0.0,0.0,0.0,0.0,0.0,0.0,0.0,0.0,0.0,0.0,0.0,0.0,0.0,0.0,0.0,0.0,0.0
35,455013.9909999999,90.962239,104.0,486080.05899999937,97.17268439300008,1139.0,3925.524000000001,0.78475473,66.0,4077.929000000001,0.8152222999999998,100.0,418.418,0.0836463,1.0,1481.19,0.296107,1.0,10746.03999999999,2.148250003000003,346.0,resnet101-v1-7.onnx,1418.9599999999996,0.2836655199999999,104.0,7631.078000000006,1.5255355699999984,312.0,1315.067999999999,0.2628963700000001,104.0,51.861,0.0103676,1.0,0.0,0.0,0.0,0.0,0.0,0.0,0.0,0.0,0.0,0.0,0.0,0.0,0.0,0.0,0.0,0.0,0.0,0.0,0.0,0.0,0.0,0.0,0.0,0.0
36,461942.7749999999,90.63800300000004,104.0,494335.4210000007,96.99377616899991,1139.0,4210.152,0.8260756600000001,66.0,4381.788000000002,0.8597523500000003,100.0,417.141,0.0818474,1.0,1409.37,0.276532,1.0,11134.259000000002,2.184657409000001,346.0,resnet101-v1-7.onnx,1459.878,0.28644327,104.0,7970.580000000004,1.563910779999999,312.0,1358.6570000000002,0.26658269,104.0,50.821,0.00997161,1.0,0.0,0.0,0.0,0.0,0.0,0.0,0.0,0.0,0.0,0.0,0.0,0.0,0.0,0.0,0.0,0.0,0.0,0.0,0.0,0.0,0.0,0.0,0.0,0.0
37,456669.883,90.97328200000004,104.0,487318.30499999935,97.0787587000002,1139.0,3907.553999999999,0.77842419,66.0,3984.93,0.7938384299999999,100.0,408.896,0.0814562,1.0,1449.17,0.28869,1.0,10628.797000000008,2.1173638400000008,346.0,resnet101-v1-7.onnx,1452.6470000000004,0.2893819600000001,104.0,7433.548999999999,1.4808385699999995,312.0,1329.5930000000003,0.26486841,104.0,53.286,0.0106151,1.0,0.0,0.0,0.0,0.0,0.0,0.0,0.0,0.0,0.0,0.0,0.0,0.0,0.0,0.0,0.0,0.0,0.0,0.0,0.0,0.0,0.0,0.0,0.0,0.0
38,521812.13900000026,89.95409800000002,104.0,563957.6290000009,97.21947173899991,1139.0,6763.004999999999,1.1658610099999995,66.0,5945.136999999998,1.0248696499999996,100.0,435.667,0.0751037,1.0,1821.22,0.313956,1.0,13642.016999999998,2.3517190489999997,346.0,resnet101-v1-7.onnx,1748.3009999999997,0.3013860299999998,104.0,10032.815,1.7295361499999984,312.0,1706.348,0.29415381,104.0,50.98,0.00878834,1.0,0.0,0.0,0.0,0.0,0.0,0.0,0.0,0.0,0.0,0.0,0.0,0.0,0.0,0.0,0.0,0.0,0.0,0.0,0.0,0.0,0.0,0.0,0.0,0.0
39,483506.6429999998,89.29610499999997,104.0,524932.7589999998,96.94685651299982,1139.0,6305.935,1.16460723,66.0,5049.531000000002,0.93256886,100.0,427.212,0.0788993,1.0,2851.57,0.52664,1.0,14033.787999999986,2.591819383,346.0,resnet101-v1-7.onnx,1619.5469999999991,0.2991048699999999,104.0,9602.736000000006,1.7734742799999992,312.0,1473.4729999999995,0.27212729,104.0,62.324,0.0115103,1.0,0.0,0.0,0.0,0.0,0.0,0.0,0.0,0.0,0.0,0.0,0.0,0.0,0.0,0.0,0.0,0.0,0.0,0.0,0.0,0.0,0.0,0.0,0.0,0.0
40,239442.824,90.31067600000004,53.0,257281.12499999985,97.03874965800009,578.0,1797.215,0.6778557199999999,32.0,2390.8470000000007,0.90175616,49.0,419.866,0.158361,1.0,1027.76,0.38764,1.0,6018.910000000001,2.2701530379999992,176.0,resnet50-v1-12.onnx,788.779,0.2975039,53.0,4441.841,1.675329389999999,159.0,903.964,0.34094825,53.0,49.119,0.0185262,1.0,0.0,0.0,0.0,0.0,0.0,0.0,0.0,0.0,0.0,0.0,0.0,0.0,0.0,0.0,0.0,0.0,0.0,0.0,0.0,0.0,0.0,0.0,0.0,0.0
41,237987.717,90.78763699999998,53.0,254364.6420000001,97.03511396199995,578.0,1653.6720000000005,0.63084312,32.0,2153.362,0.8214653900000002,49.0,409.613,0.156259,1.0,1046.35,0.399164,1.0,5618.702,2.143424242,176.0,resnet50-v1-12.onnx,778.2709999999997,0.2968950900000001,53.0,3886.049000000002,1.48245175,159.0,779.2169999999998,0.29725607,53.0,51.689,0.0197183,1.0,0.0,0.0,0.0,0.0,0.0,0.0,0.0,0.0,0.0,0.0,0.0,0.0,0.0,0.0,0.0,0.0,0.0,0.0,0.0,0.0,0.0,0.0,0.0,0.0
42,232488.26799999995,91.00085799999997,53.0,247877.341,97.02446639200004,578.0,1614.8260000000005,0.6320769,32.0,1971.431,0.7716599000000003,49.0,413.898,0.162008,1.0,991.165,0.387963,1.0,5192.961,2.0326347119999992,176.0,resnet50-v1-12.onnx,725.7589999999997,0.28407746,53.0,3745.832,1.4661979999999997,159.0,684.0910000000003,0.26776772,53.0,49.11,0.0192227,1.0,0.0,0.0,0.0,0.0,0.0,0.0,0.0,0.0,0.0,0.0,0.0,0.0,0.0,0.0,0.0,0.0,0.0,0.0,0.0,0.0,0.0,0.0,0.0,0.0
43,232461.41200000007,90.807817,53.0,248486.6820000001,97.06786429100008,578.0,1681.9060000000002,0.6570131000000002,32.0,2030.266,0.7930949800000002,49.0,429.844,0.167913,1.0,1047.42,0.40916,1.0,5216.526,2.037762711,176.0,resnet50-v1-12.onnx,818.3600000000002,0.31968082,53.0,4037.623,1.5772404600000005,159.0,711.465,0.27792382,53.0,51.86,0.0202584,1.0,0.0,0.0,0.0,0.0,0.0,0.0,0.0,0.0,0.0,0.0,0.0,0.0,0.0,0.0,0.0,0.0,0.0,0.0,0.0,0.0,0.0,0.0,0.0,0.0
44,236080.84800000003,90.95965500000004,53.0,251927.923,97.06537729000009,578.0,1659.829,0.6395157999999999,32.0,2007.8489999999997,0.77360437,49.0,424.161,0.163425,1.0,1047.13,0.403449,1.0,5341.990000000002,2.0582162999999998,176.0,resnet50-v1-12.onnx,777.689,0.29963595,53.0,3814.628,1.4697386900000002,159.0,719.641,0.2772706799999999,53.0,54.158,0.0208665,1.0,0.0,0.0,0.0,0.0,0.0,0.0,0.0,0.0,0.0,0.0,0.0,0.0,0.0,0.0,0.0,0.0,0.0,0.0,0.0,0.0,0.0,0.0,0.0,0.0
45,311252.9119999999,90.646293,53.0,334390.61799999955,97.384698349,578.0,2724.137,0.7933517600000001,32.0,2770.0799999999995,0.8067317000000003,49.0,393.184,0.114507,1.0,1222.74,0.3561,1.0,8303.68,2.418284408999999,176.0,resnet50-v1-12.onnx,929.865,0.2708049399999999,53.0,5787.994,1.6856401700000017,159.0,948.635,0.2762713700000001,53.0,57.391,0.016714,1.0,0.0,0.0,0.0,0.0,0.0,0.0,0.0,0.0,0.0,0.0,0.0,0.0,0.0,0.0,0.0,0.0,0.0,0.0,0.0,0.0,0.0,0.0,0.0,0.0
46,238656.3670000001,91.09730599999996,53.0,254498.27900000027,97.14430832799994,578.0,1705.4529999999995,0.6509867600000001,32.0,1998.0290000000005,0.76266585,49.0,434.426,0.165824,1.0,1024.47,0.391051,1.0,5291.103999999999,2.0196621080000003,176.0,resnet50-v1-12.onnx,761.6630000000002,0.29073371,53.0,3895.754999999999,1.4870449899999991,159.0,678.6039999999999,0.25902931,53.0,52.408,0.0200046,1.0,0.0,0.0,0.0,0.0,0.0,0.0,0.0,0.0,0.0,0.0,0.0,0.0,0.0,0.0,0.0,0.0,0.0,0.0,0.0,0.0,0.0,0.0,0.0,0.0
47,233123.151,90.85311700000004,53.0,248906.531,97.00423912399997,578.0,1619.4239999999998,0.6311243499999999,32.0,2099.615,0.8182653600000002,49.0,438.937,0.171063,1.0,1023.65,0.398938,1.0,5303.748,2.0669846740000004,176.0,resnet50-v1-12.onnx,769.4230000000003,0.29986074,53.0,3776.727999999999,1.4718719099999995,159.0,697.3720000000002,0.2717808899999999,53.0,54.483,0.0212332,1.0,0.0,0.0,0.0,0.0,0.0,0.0,0.0,0.0,0.0,0.0,0.0,0.0,0.0,0.0,0.0,0.0,0.0,0.0,0.0,0.0,0.0,0.0,0.0,0.0
48,236638.854,90.648406,53.0,253245.69199999992,97.00993221600014,578.0,1745.7830000000004,0.6687514,32.0,2094.7650000000003,0.8024345599999998,49.0,413.687,0.15847,1.0,1037.7,0.397509,1.0,5449.457,2.087504666,176.0,resnet50-v1-12.onnx,1023.6940000000004,0.3921430000000001,53.0,4005.114,1.5342255800000002,159.0,781.3029999999999,0.2992910100000001,53.0,55.335,0.021197,1.0,0.0,0.0,0.0,0.0,0.0,0.0,0.0,0.0,0.0,0.0,0.0,0.0,0.0,0.0,0.0,0.0,0.0,0.0,0.0,0.0,0.0,0.0,0.0,0.0
49,237571.47000000003,91.09664599999998,53.0,253333.23600000003,97.14048880599992,578.0,1733.2839999999997,0.6646270799999998,32.0,1997.8,0.7660554200000003,49.0,471.665,0.18086,1.0,1033.25,0.3962,1.0,5248.327,2.012468436,176.0,resnet50-v1-12.onnx,754.1760000000004,0.28918842,53.0,3790.2060000000015,1.4533527600000011,159.0,682.4870000000002,0.26169929,53.0,50.571,0.0193914,1.0,0.0,0.0,0.0,0.0,0.0,0.0,0.0,0.0,0.0,0.0,0.0,0.0,0.0,0.0,0.0,0.0,0.0,0.0,0.0,0.0,0.0,0.0,0.0,0.0
50,237230.56000000008,90.91692500000002,53.0,253473.65600000013,97.14197628499991,578.0,1742.709,0.66788098,32.0,2047.4530000000004,0.7846720000000001,49.0,503.752,0.193059,1.0,1049.65,0.40227,1.0,5386.464000000001,2.064324565000001,176.0,resnet50-v1-12.onnx,795.3950000000002,0.3048295199999999,53.0,3921.005000000001,1.5026978399999995,159.0,743.8849999999998,0.28508868,53.0,52.783,0.0202287,1.0,0.0,0.0,0.0,0.0,0.0,0.0,0.0,0.0,0.0,0.0,0.0,0.0,0.0,0.0,0.0,0.0,0.0,0.0,0.0,0.0,0.0,0.0,0.0,0.0
51,227135.73300000007,90.749136,53.0,242666.5429999999,96.95426967299991,578.0,1604.8319999999994,0.64118966,32.0,2008.985,0.80266401,49.0,427.358,0.170745,1.0,993.953,0.397121,1.0,5255.681,2.0998395530000007,176.0,resnet50-v1-12.onnx,738.503,0.2950593099999999,53.0,3744.234,1.4959600999999982,159.0,706.51,0.2822769399999999,53.0,50.754,0.0202781,1.0,0.0,0.0,0.0,0.0,0.0,0.0,0.0,0.0,0.0,0.0,0.0,0.0,0.0,0.0,0.0,0.0,0.0,0.0,0.0,0.0,0.0,0.0,0.0,0.0
52,263178.658,90.555891,53.0,282582.6630000002,97.23252285999996,578.0,1887.2970000000005,0.6493910500000001,32.0,2368.9159999999997,0.8151091199999999,49.0,433.903,0.1493,1.0,1143.26,0.393378,1.0,5951.090999999997,2.04768266,176.0,resnet50-v1-12.onnx,1378.7780000000005,0.4744173100000001,53.0,5264.413999999999,1.81140747,159.0,919.0019999999996,0.31621505,53.0,57.344,0.0197312,1.0,0.0,0.0,0.0,0.0,0.0,0.0,0.0,0.0,0.0,0.0,0.0,0.0,0.0,0.0,0.0,0.0,0.0,0.0,0.0,0.0,0.0,0.0,0.0,0.0
53,240300.947,89.577442,53.0,260698.009,97.18089382400017,578.0,2756.565,1.02757,32.0,2477.511000000001,0.9235466,49.0,415.709,0.154965,1.0,1448.95,0.540128,1.0,6881.949999999998,2.565397173999999,176.0,resnet50-v1-12.onnx,793.8100000000001,0.2959100400000001,53.0,4818.053999999998,1.7960351799999996,159.0,753.9820000000001,0.28106333,53.0,50.531,0.0188365,1.0,0.0,0.0,0.0,0.0,0.0,0.0,0.0,0.0,0.0,0.0,0.0,0.0,0.0,0.0,0.0,0.0,0.0,0.0,0.0,0.0,0.0,0.0,0.0,0.0
54,239133.852,89.83655100000003,53.0,258731.85599999997,97.19902189899996,578.0,2444.335,0.91827456,32.0,2464.726,0.9259344700000004,49.0,406.363,0.15266,1.0,1439.51,0.540786,1.0,6685.952,2.511743078999998,176.0,resnet50-v1-12.onnx,768.01,0.2885219299999999,53.0,4667.881999999998,1.7536045100000002,159.0,671.857,0.2523996500000001,53.0,49.369,0.0185467,1.0,0.0,0.0,0.0,0.0,0.0,0.0,0.0,0.0,0.0,0.0,0.0,0.0,0.0,0.0,0.0,0.0,0.0,0.0,0.0,0.0,0.0,0.0,0.0,0.0
55,239452.751,89.55506300000002,53.0,259791.71100000016,97.16180879300002,578.0,2743.909,1.02621872,32.0,2526.173000000001,0.94478502,49.0,435.637,0.162928,1.0,1498.44,0.560415,1.0,6804.044999999998,2.544704713,176.0,resnet50-v1-12.onnx,762.1999999999999,0.28506182,53.0,4811.184000000001,1.7993763700000005,159.0,706.601,0.2642678499999999,53.0,50.771,0.0189883,1.0,0.0,0.0,0.0,0.0,0.0,0.0,0.0,0.0,0.0,0.0,0.0,0.0,0.0,0.0,0.0,0.0,0.0,0.0,0.0,0.0,0.0,0.0,0.0,0.0
56,233279.169,89.58889,53.0,252809.14800000016,97.08921664200012,578.0,2479.514,0.95223632,32.0,2410.8809999999994,0.92587899,49.0,415.719,0.159653,1.0,1441.33,0.55353,1.0,6683.945000000003,2.566914322,176.0,resnet50-v1-12.onnx,770.517,0.2959107100000001,53.0,4596.562000000001,1.765272580000001,159.0,686.356,0.26358932,53.0,45.155,0.0173414,1.0,0.0,0.0,0.0,0.0,0.0,0.0,0.0,0.0,0.0,0.0,0.0,0.0,0.0,0.0,0.0,0.0,0.0,0.0,0.0,0.0,0.0,0.0,0.0,0.0
57,244651.988,89.81267599999998,53.0,264736.9489999999,97.18594197700008,578.0,2691.367,0.9880105000000002,32.0,2443.9569999999994,0.8971853000000003,49.0,412.338,0.151371,1.0,1458.73,0.535507,1.0,6745.493,2.476296597,176.0,resnet50-v1-12.onnx,730.2849999999999,0.26809033,53.0,4859.618000000001,1.7839836400000002,159.0,688.9019999999999,0.25289851,53.0,54.271,0.0199231,1.0,0.0,0.0,0.0,0.0,0.0,0.0,0.0,0.0,0.0,0.0,0.0,0.0,0.0,0.0,0.0,0.0,0.0,0.0,0.0,0.0,0.0,0.0,0.0,0.0
58,244387.05,89.65476100000001,53.0,264814.4530000003,97.14866738899995,578.0,2639.612,0.9683559700000002,32.0,2490.089,0.91350308,49.0,433.122,0.158893,1.0,1462.08,0.536372,1.0,6806.072000000001,2.496845989000001,176.0,resnet50-v1-12.onnx,882.7830000000001,0.3238538299999999,53.0,4830.171000000001,1.7719751499999985,159.0,833.0829999999997,0.3056211699999999,53.0,50.391,0.0184862,1.0,0.0,0.0,0.0,0.0,0.0,0.0,0.0,0.0,0.0,0.0,0.0,0.0,0.0,0.0,0.0,0.0,0.0,0.0,0.0,0.0,0.0,0.0,0.0,0.0
59,279835.68499999994,89.196435,53.0,305446.14299999987,97.35966089700004,578.0,3375.905,1.0760553299999998,32.0,3343.342,1.06567589,49.0,473.6,0.150958,1.0,1523.56,0.485629,1.0,8755.306999999999,2.790717927000001,176.0,resnet50-v1-12.onnx,858.2169999999996,0.2735530199999999,53.0,6363.770999999996,2.0284246500000007,159.0,860.759,0.27436328,53.0,55.997,0.0178488,1.0,0.0,0.0,0.0,0.0,0.0,0.0,0.0,0.0,0.0,0.0,0.0,0.0,0.0,0.0,0.0,0.0,0.0,0.0,0.0,0.0,0.0,0.0,0.0,0.0
60,109156.76300000002,93.109631,20.0,114160.006,97.37734682,209.0,0.0,0.0,0.0,590.7829999999999,0.5039318,17.0,347.102,0.296075,1.0,363.222,0.309825,1.0,1644.3349999999996,1.4026006300000002,69.0,resnet18-v1-7.onnx,327.882,0.2796799,20.0,1373.9499999999998,1.1719653899999996,60.0,316.314,0.2698127999999999,20.0,39.655,0.0338253,1.0,0.0,0.0,0.0,0.0,0.0,0.0,0.0,0.0,0.0,0.0,0.0,0.0,0.0,0.0,0.0,0.0,0.0,0.0,0.0,0.0,0.0,0.0,0.0,0.0
61,102904.30899999998,93.539098,20.0,107424.7329999999,97.64812129,209.0,0.0,0.0,0.0,560.398,0.5093960000000001,17.0,367.989,0.334499,1.0,267.293,0.242967,1.0,1492.957999999999,1.35708478,69.0,resnet18-v1-7.onnx,294.61100000000005,0.2677987,20.0,1241.315,1.12834391,60.0,266.99600000000004,0.2426968,20.0,28.864,0.0262371,1.0,0.0,0.0,0.0,0.0,0.0,0.0,0.0,0.0,0.0,0.0,0.0,0.0,0.0,0.0,0.0,0.0,0.0,0.0,0.0,0.0,0.0,0.0,0.0,0.0
62,113296.304,90.38463000000002,20.0,122505.918,97.73179839999996,209.0,0.0,0.0,0.0,959.9369999999998,0.7658115999999999,17.0,1877.29,1.49765,1.0,368.99,0.29437,1.0,3050.558000000001,2.4336452100000003,69.0,resnet18-v1-7.onnx,339.17299999999994,0.27058275,20.0,2272.5930000000003,1.81301024,60.0,307.7949999999999,0.2455502999999999,20.0,33.278,0.0265483,1.0,0.0,0.0,0.0,0.0,0.0,0.0,0.0,0.0,0.0,0.0,0.0,0.0,0.0,0.0,0.0,0.0,0.0,0.0,0.0,0.0,0.0,0.0,0.0,0.0
63,93436.851,92.304183,20.0,98681.16900000002,97.48492859000002,209.0,0.0,0.0,0.0,676.5570000000001,0.6683559,17.0,371.283,0.366782,1.0,344.927,0.340746,1.0,1697.7759999999996,1.6771955900000004,69.0,resnet18-v1-7.onnx,302.11300000000006,0.2984508,20.0,1529.7619999999995,1.5112176999999998,60.0,292.624,0.2890765,20.0,29.276,0.0289211,1.0,0.0,0.0,0.0,0.0,0.0,0.0,0.0,0.0,0.0,0.0,0.0,0.0,0.0,0.0,0.0,0.0,0.0,0.0,0.0,0.0,0.0,0.0,0.0,0.0
64,112747.13599999998,91.98713500000002,20.0,119687.30100000002,97.64941555,209.0,0.0,0.0,0.0,893.3620000000001,0.7288686000000001,17.0,445.797,0.363713,1.0,600.969,0.490313,1.0,2183.6760000000004,1.7815985999999993,69.0,resnet18-v1-7.onnx,312.63100000000003,0.2550669599999999,20.0,2156.717000000001,1.7596024700000006,60.0,306.3430000000001,0.24993642,20.0,40.67,0.0331815,1.0,0.0,0.0,0.0,0.0,0.0,0.0,0.0,0.0,0.0,0.0,0.0,0.0,0.0,0.0,0.0,0.0,0.0,0.0,0.0,0.0,0.0,0.0,0.0,0.0
65,110264.833,92.279021,20.0,116690.39300000004,97.65647622999995,209.0,0.0,0.0,0.0,816.958,0.6836997000000001,17.0,383.085,0.320598,1.0,586.179,0.490564,1.0,2073.2450000000003,1.7350683900000003,69.0,resnet18-v1-7.onnx,316.886,0.2651972,20.0,1965.2419999999995,1.64468189,60.0,254.00500000000005,0.21257295,20.0,29.96,0.0250731,1.0,0.0,0.0,0.0,0.0,0.0,0.0,0.0,0.0,0.0,0.0,0.0,0.0,0.0,0.0,0.0,0.0,0.0,0.0,0.0,0.0,0.0,0.0,0.0,0.0
66,108336.768,91.749805,20.0,115256.37400000004,97.60998154,209.0,0.0,0.0,0.0,1037.8930000000005,0.8789858,17.0,427.141,0.361743,1.0,554.95,0.469984,1.0,2176.227,1.8430351300000003,69.0,resnet18-v1-7.onnx,319.316,0.2704271,20.0,2101.849,1.7800447699999995,60.0,261.099,0.22112314,20.0,41.131,0.0348336,1.0,0.0,0.0,0.0,0.0,0.0,0.0,0.0,0.0,0.0,0.0,0.0,0.0,0.0,0.0,0.0,0.0,0.0,0.0,0.0,0.0,0.0,0.0,0.0,0.0
67,106061.463,92.072161,20.0,112500.41800000002,97.66183009999996,209.0,0.0,0.0,0.0,841.2500000000001,0.7302906999999998,17.0,365.651,0.317422,1.0,535.299,0.464694,1.0,2059.938000000001,1.7882361700000011,69.0,resnet18-v1-7.onnx,307.48,0.2669241,20.0,2014.7059999999997,1.7489704900000007,60.0,285.36999999999995,0.24773014,20.0,29.261,0.0254015,1.0,0.0,0.0,0.0,0.0,0.0,0.0,0.0,0.0,0.0,0.0,0.0,0.0,0.0,0.0,0.0,0.0,0.0,0.0,0.0,0.0,0.0,0.0,0.0,0.0
68,117874.423,92.101767,20.0,125031.126,97.69368841,209.0,0.0,0.0,0.0,944.376,0.7378929000000002,17.0,391.926,0.306233,1.0,659.388,0.515216,1.0,2307.278,1.80280158,69.0,resnet18-v1-7.onnx,359.485,0.28088518,20.0,2159.3589999999995,1.687224419999999,60.0,303.373,0.23704163,20.0,31.518,0.0246267,1.0,0.0,0.0,0.0,0.0,0.0,0.0,0.0,0.0,0.0,0.0,0.0,0.0,0.0,0.0,0.0,0.0,0.0,0.0,0.0,0.0,0.0,0.0,0.0,0.0
69,116955.638,92.022733,20.0,124257.062,97.76762142000008,209.0,0.0,0.0,0.0,1094.765,0.8613802999999999,17.0,448.906,0.353207,1.0,549.7,0.432514,1.0,2411.6050000000014,1.89749289,69.0,resnet18-v1-7.onnx,294.47400000000005,0.2316973399999999,20.0,2161.601,1.7007853399999997,60.0,303.38300000000004,0.2387071499999999,20.0,36.99,0.0291044,1.0,0.0,0.0,0.0,0.0,0.0,0.0,0.0,0.0,0.0,0.0,0.0,0.0,0.0,0.0,0.0,0.0,0.0,0.0,0.0,0.0,0.0,0.0,0.0,0.0
70,109618.882,91.577895,20.0,116873.50499999998,97.63855558999995,209.0,0.0,0.0,0.0,884.1469999999998,0.7386341999999999,17.0,431.403,0.360403,1.0,534.436,0.446479,1.0,2322.583000000001,1.94033302,69.0,resnet18-v1-7.onnx,596.236,0.4981073099999999,20.0,2166.265000000001,1.80974297,60.0,291.003,0.24310979,20.0,28.55,0.0238513,1.0,0.0,0.0,0.0,0.0,0.0,0.0,0.0,0.0,0.0,0.0,0.0,0.0,0.0,0.0,0.0,0.0,0.0,0.0,0.0,0.0,0.0,0.0,0.0,0.0
71,113969.88,91.045811,20.0,122306.27299999996,97.70541201999995,209.0,0.0,0.0,0.0,1590.702,1.2707454999999996,17.0,545.256,0.435583,1.0,540.064,0.431435,1.0,2596.9370000000004,2.07458553,69.0,resnet18-v1-7.onnx,364.316,0.29103698,20.0,2352.9050000000016,1.8796397300000007,60.0,313.472,0.25041988,20.0,32.741,0.0261554,1.0,0.0,0.0,0.0,0.0,0.0,0.0,0.0,0.0,0.0,0.0,0.0,0.0,0.0,0.0,0.0,0.0,0.0,0.0,0.0,0.0,0.0,0.0,0.0,0.0
72,115264.862,91.476699,20.0,123025.21400000004,97.63548377,209.0,0.0,0.0,0.0,1025.772,0.8140750999999998,17.0,521.319,0.41373,1.0,601.913,0.477691,1.0,2487.572,1.9741913699999991,69.0,resnet18-v1-7.onnx,364.519,0.2892903,20.0,2403.3310000000006,1.90733628,60.0,322.11,0.25563362,20.0,33.816,0.0268371,1.0,0.0,0.0,0.0,0.0,0.0,0.0,0.0,0.0,0.0,0.0,0.0,0.0,0.0,0.0,0.0,0.0,0.0,0.0,0.0,0.0,0.0,0.0,0.0,0.0
73,114849.45799999998,92.05420499999998,20.0,121951.29500000004,97.74647418,209.0,0.0,0.0,0.0,914.227,0.7327719000000001,17.0,403.712,0.323583,1.0,697.101,0.558741,1.0,2228.03,1.7858121099999988,69.0,resnet18-v1-7.onnx,337.898,0.2708320899999999,20.0,2193.152,1.7578571399999992,60.0,295.38899999999995,0.23676034,20.0,32.328,0.0259116,1.0,0.0,0.0,0.0,0.0,0.0,0.0,0.0,0.0,0.0,0.0,0.0,0.0,0.0,0.0,0.0,0.0,0.0,0.0,0.0,0.0,0.0,0.0,0.0,0.0
74,114708.245,92.536033,20.0,121137.961,97.72293595000008,209.0,0.0,0.0,0.0,807.2940000000001,0.6512507999999999,17.0,387.888,0.312912,1.0,582.063,0.469555,1.0,2007.019,1.61907875,69.0,resnet18-v1-7.onnx,320.87999999999994,0.25885634,20.0,1998.578,1.6122682800000006,60.0,288.984,0.23312548,20.0,37.01,0.0298563,1.0,0.0,0.0,0.0,0.0,0.0,0.0,0.0,0.0,0.0,0.0,0.0,0.0,0.0,0.0,0.0,0.0,0.0,0.0,0.0,0.0,0.0,0.0,0.0,0.0
75,108725.919,92.280434,20.0,115071.0,97.66578062,209.0,0.0,0.0,0.0,840.799,0.7136231000000001,17.0,372.642,0.316277,1.0,550.567,0.46729,1.0,1969.7439999999992,1.6718072200000005,69.0,resnet18-v1-7.onnx,315.6989999999999,0.2679474,20.0,1967.673000000001,1.6700504399999998,60.0,296.137,0.25134446,20.0,31.82,0.027007,1.0,0.0,0.0,0.0,0.0,0.0,0.0,0.0,0.0,0.0,0.0,0.0,0.0,0.0,0.0,0.0,0.0,0.0,0.0,0.0,0.0,0.0,0.0,0.0,0.0
76,110679.559,92.301511,20.0,117156.49200000004,97.70296684000002,209.0,0.0,0.0,0.0,936.004,0.7805826999999999,17.0,394.116,0.328674,1.0,593.859,0.49525,1.0,2048.979,1.7087517199999998,69.0,resnet18-v1-7.onnx,290.342,0.24213153,20.0,1907.5979999999995,1.5908470699999997,60.0,276.10900000000004,0.2302619199999999,20.0,29.926,0.0249569,1.0,0.0,0.0,0.0,0.0,0.0,0.0,0.0,0.0,0.0,0.0,0.0,0.0,0.0,0.0,0.0,0.0,0.0,0.0,0.0,0.0,0.0,0.0,0.0,0.0
77,110797.627,91.226221,20.0,118596.27300000007,97.64730663999994,209.0,0.0,0.0,0.0,1028.215,0.8465901000000001,17.0,412.629,0.339742,1.0,549.288,0.452261,1.0,2688.038000000002,2.21322068,69.0,resnet18-v1-7.onnx,301.3450000000001,0.2481152999999999,20.0,2471.903,2.0352631299999997,60.0,318.48,0.26222353,20.0,28.748,0.0236699,1.0,0.0,0.0,0.0,0.0,0.0,0.0,0.0,0.0,0.0,0.0,0.0,0.0,0.0,0.0,0.0,0.0,0.0,0.0,0.0,0.0,0.0,0.0,0.0,0.0
78,110614.046,91.66059,20.0,117691.48199999996,97.52532240000002,209.0,0.0,0.0,0.0,941.492,0.7801699,17.0,360.945,0.299098,1.0,601.851,0.498725,1.0,2331.714000000001,1.9321795199999992,69.0,resnet18-v1-7.onnx,318.019,0.26352692,20.0,2180.309,1.80671785,60.0,309.3380000000001,0.25633331,20.0,33.768,0.0279819,1.0,0.0,0.0,0.0,0.0,0.0,0.0,0.0,0.0,0.0,0.0,0.0,0.0,0.0,0.0,0.0,0.0,0.0,0.0,0.0,0.0,0.0,0.0,0.0,0.0
79,110164.249,92.380697,20.0,116582.30500000004,97.762702,209.0,0.0,0.0,0.0,1001.739,0.8400308,17.0,430.173,0.360731,1.0,562.36,0.47158,1.0,2023.6179999999997,1.6969500799999997,69.0,resnet18-v1-7.onnx,296.54999999999995,0.24867876,20.0,1802.861,1.51182955,60.0,268.694,0.22531931,20.0,32.061,0.0268855,1.0,0.0,0.0,0.0,0.0,0.0,0.0,0.0,0.0,0.0,0.0,0.0,0.0,0.0,0.0,0.0,0.0,0.0,0.0,0.0,0.0,0.0,0.0,0.0,0.0
80,186437.629,73.04388420000002,121.0,235493.4089999996,92.26331696000004,1516.0,12.711,0.00498001,1.0,4955.827000000002,1.9416298500000009,121.0,777.693,0.30469,1.0,0.0,0.0,0.0,16039.215000000007,6.283960719999995,484.0,densenet-12.onnx,1662.797999999999,0.6514631899999999,121.0,17314.452000000012,6.783583340000001,484.0,1594.3149999999996,0.6246323999999996,121.0,32.448,0.0127127,1.0,6228.079000000004,2.440082350000001,58.0,438.242,0.1716982,3.0,0.0,0.0,0.0,0.0,0.0,0.0,0.0,0.0,0.0,0.0,0.0,0.0,0.0,0.0,0.0,0.0,0.0,0.0
81,273449.03399999987,67.11146469999996,121.0,378661.58600000007,92.93334458000002,1516.0,18.231,0.00447436,1.0,6862.060999999999,1.6841277200000009,121.0,347.936,0.0853925,1.0,0.0,0.0,0.0,44277.30700000004,10.86679285,484.0,densenet-12.onnx,2704.1280000000006,0.6636633400000003,121.0,35230.87399999998,8.6465686,484.0,2546.440000000001,0.6249623000000001,121.0,39.349,0.00965726,1.0,12669.482000000002,3.109418649999999,58.0,516.744,0.1268223,3.0,0.0,0.0,0.0,0.0,0.0,0.0,0.0,0.0,0.0,0.0,0.0,0.0,0.0,0.0,0.0,0.0,0.0,0.0
82,219917.7500000001,78.07944370000003,121.0,263497.13300000015,93.55184004000029,1516.0,14.034,0.00498262,1.0,4737.139999999996,1.6818709800000005,121.0,391.357,0.138947,1.0,0.0,0.0,0.0,14728.730999999983,5.229278479999997,484.0,densenet-12.onnx,2515.1290000000004,0.8929697899999994,121.0,14488.245000000004,5.1438978899999945,484.0,1694.396000000001,0.6015773200000003,121.0,38.088,0.0135227,1.0,4655.828,1.6530026599999998,58.0,316.435,0.1123469,3.0,0.0,0.0,0.0,0.0,0.0,0.0,0.0,0.0,0.0,0.0,0.0,0.0,0.0,0.0,0.0,0.0,0.0,0.0
83,233754.055,73.19526919999998,121.0,297906.5530000002,93.28330181999986,1516.0,22.21,0.0069546,1.0,8319.249000000003,2.605001089999999,121.0,428.896,0.1343,1.0,0.0,0.0,0.0,20268.22500000003,6.346577289999991,484.0,densenet-12.onnx,1840.1569999999997,0.5762072200000001,121.0,22794.734000000022,7.137700580000001,484.0,2381.0980000000004,0.7455921999999999,121.0,65.408,0.0204812,1.0,7560.072999999997,2.36728114,58.0,472.448,0.1479373,3.0,0.0,0.0,0.0,0.0,0.0,0.0,0.0,0.0,0.0,0.0,0.0,0.0,0.0,0.0,0.0,0.0,0.0,0.0
84,208796.00300000008,75.53250889999994,121.0,250207.13400000017,90.51309842999991,1516.0,15.443,0.00558655,1.0,4333.089999999998,1.5675071100000009,121.0,358.993,0.129867,1.0,0.0,0.0,0.0,13601.428999999996,4.920353899999999,484.0,densenet-12.onnx,2187.813,0.7914473300000003,121.0,14364.432,5.196372250000002,484.0,2012.9980000000005,0.7282074899999998,121.0,39.728,0.0143717,1.0,4209.205000000001,1.5226915000000003,58.0,288.0,0.1041847,3.0,0.0,0.0,0.0,0.0,0.0,0.0,0.0,0.0,0.0,0.0,0.0,0.0,0.0,0.0,0.0,0.0,0.0,0.0
85,210208.521,78.87511599999999,121.0,248368.65100000025,93.19368163999984,1516.0,15.393,0.00577581,1.0,4084.665,1.5326611599999995,121.0,353.894,0.132789,1.0,0.0,0.0,0.0,12541.945,4.70602918,484.0,densenet-12.onnx,1642.9899999999996,0.6164879900000004,121.0,13153.263999999985,4.93540902,484.0,1575.7430000000006,0.5912553799999997,121.0,41.62,0.0156168,1.0,4340.895,1.6288048000000002,58.0,409.721,0.1537365,3.0,0.0,0.0,0.0,0.0,0.0,0.0,0.0,0.0,0.0,0.0,0.0,0.0,0.0,0.0,0.0,0.0,0.0,0.0
86,198962.82299999983,75.72855319999998,121.0,244108.3860000001,92.91170428000004,1516.0,13.419,0.00510749,1.0,4458.890000000001,1.697127629999999,121.0,394.061,0.149986,1.0,0.0,0.0,0.0,14928.940000000004,5.682202780000004,484.0,densenet-12.onnx,1536.59,0.5848516999999999,121.0,16048.564999999986,6.108350479999995,484.0,1538.605,0.5856186299999998,121.0,32.922,0.0125307,1.0,5847.574000000002,2.2256834700000008,58.0,345.997,0.1316921999999999,3.0,0.0,0.0,0.0,0.0,0.0,0.0,0.0,0.0,0.0,0.0,0.0,0.0,0.0,0.0,0.0,0.0,0.0,0.0
87,201125.7690000001,76.2288876,121.0,245344.4860000001,92.98826291000012,1516.0,12.885,0.00488356,1.0,4513.143000000001,1.7105301800000008,121.0,367.234,0.139186,1.0,0.0,0.0,0.0,14648.161000000004,5.551812729999996,484.0,densenet-12.onnx,1587.3009999999997,0.60160436,121.0,15682.478999999998,5.943830460000006,484.0,1500.8090000000002,0.5688229099999997,121.0,34.303,0.0130012,1.0,5537.117,2.0986272100000005,58.0,335.285,0.1270767,3.0,0.0,0.0,0.0,0.0,0.0,0.0,0.0,0.0,0.0,0.0,0.0,0.0,0.0,0.0,0.0,0.0,0.0,0.0
88,228028.32899999985,74.98499179999993,121.0,284246.87000000005,93.47194221999956,1516.0,14.421,0.00474221,1.0,5770.147,1.8974602099999995,121.0,527.126,0.173341,1.0,0.0,0.0,0.0,18527.88600000001,6.092724369999996,484.0,densenet-12.onnx,1675.9310000000005,0.5511145100000004,121.0,20479.445000000032,6.734476399999995,484.0,1835.811,0.60368965,121.0,38.168,0.0125512,1.0,6965.975,2.2906973700000006,58.0,383.631,0.1261535,3.0,0.0,0.0,0.0,0.0,0.0,0.0,0.0,0.0,0.0,0.0,0.0,0.0,0.0,0.0,0.0,0.0,0.0,0.0
89,209023.0040000001,76.60630169999996,121.0,253944.2629999993,93.06981500999994,1516.0,27.326,0.0100149,1.0,4770.158,1.7482491000000002,121.0,371.007,0.135973,1.0,0.0,0.0,0.0,14967.716000000004,5.485626219999991,484.0,densenet-12.onnx,1583.1319999999994,0.5802133199999998,121.0,15744.662999999991,5.770373999999995,484.0,1526.987,0.5596363800000002,121.0,34.541,0.0126592,1.0,5526.310000000002,2.0253761900000007,58.0,369.419,0.135391,3.0,0.0,0.0,0.0,0.0,0.0,0.0,0.0,0.0,0.0,0.0,0.0,0.0,0.0,0.0,0.0,0.0,0.0,0.0
90,199565.11600000004,76.66615689999996,121.0,241975.80199999997,92.95890528999988,1516.0,14.241,0.00547091,1.0,4398.399,1.689715910000001,121.0,355.102,0.136418,1.0,0.0,0.0,0.0,13961.560000000016,5.363557869999993,484.0,densenet-12.onnx,1513.5940000000005,0.5814716099999998,121.0,14779.513000000004,5.67778733,484.0,1481.6739999999995,0.5692089899999999,121.0,38.001,0.0145987,1.0,5482.420999999999,2.10616137,58.0,386.181,0.1483576999999999,3.0,0.0,0.0,0.0,0.0,0.0,0.0,0.0,0.0,0.0,0.0,0.0,0.0,0.0,0.0,0.0,0.0,0.0,0.0
91,200657.3630000001,76.36565480000004,121.0,244409.789,93.01684248000036,1516.0,12.707,0.004836,1.0,4431.343000000001,1.6864695400000005,121.0,378.402,0.144011,1.0,0.0,0.0,0.0,14407.69100000001,5.483243400000006,484.0,densenet-12.onnx,1555.9620000000002,0.5921640500000002,121.0,15445.752000000002,5.878305040000001,484.0,1508.104,0.5739503300000002,121.0,37.179,0.0141495,1.0,5583.135999999999,2.12481542,58.0,392.15,0.1492434,3.0,0.0,0.0,0.0,0.0,0.0,0.0,0.0,0.0,0.0,0.0,0.0,0.0,0.0,0.0,0.0,0.0,0.0,0.0
92,208907.66100000005,74.24878950000004,121.0,261996.2739999998,93.11724827000008,1516.0,17.892,0.00635907,1.0,5153.449999999997,1.8316115599999996,121.0,370.326,0.131619,1.0,0.0,0.0,0.0,17111.623000000007,6.081717550000006,484.0,densenet-12.onnx,1666.8539999999994,0.59242394,121.0,18535.69,6.587849440000001,484.0,1673.3839999999998,0.59474479,121.0,36.292,0.0128987,1.0,8109.228000000003,2.8821379199999995,58.0,413.874,0.1470968,3.0,0.0,0.0,0.0,0.0,0.0,0.0,0.0,0.0,0.0,0.0,0.0,0.0,0.0,0.0,0.0,0.0,0.0,0.0
93,202849.81700000004,75.37187250000004,121.0,248792.02800000025,92.44239066,1516.0,13.541,0.00503136,1.0,4397.455,1.6339402799999994,121.0,373.44,0.138757,1.0,0.0,0.0,0.0,14763.447000000013,5.48558002000001,484.0,densenet-12.onnx,1740.988,0.6468901700000002,121.0,16738.615,6.21948402,484.0,1716.102,0.6376434100000001,121.0,39.77,0.0147771,1.0,5801.687999999998,2.1557048,58.0,357.165,0.13271,3.0,0.0,0.0,0.0,0.0,0.0,0.0,0.0,0.0,0.0,0.0,0.0,0.0,0.0,0.0,0.0,0.0,0.0,0.0
94,291634.095,76.11728970000003,121.0,361115.4759999999,94.25211569999992,1516.0,28.212,0.00736341,1.0,7118.407999999999,1.85792277,121.0,380.911,0.0994188,1.0,0.0,0.0,0.0,20173.768999999986,5.26540763,484.0,densenet-12.onnx,2135.1640000000007,0.5572834599999998,121.0,21288.16800000001,5.556269689999996,484.0,3005.7369999999987,0.7845051399999998,121.0,37.613,0.00981709,1.0,14861.132000000003,3.87879511,58.0,452.267,0.1180428999999999,3.0,0.0,0.0,0.0,0.0,0.0,0.0,0.0,0.0,0.0,0.0,0.0,0.0,0.0,0.0,0.0,0.0,0.0,0.0
95,229069.7609999999,79.66822619999996,121.0,268637.61500000005,93.42953935999977,1516.0,16.151,0.00561716,1.0,4556.147,1.5845836000000002,121.0,358.139,0.124557,1.0,0.0,0.0,0.0,12976.657,4.513154900000002,484.0,densenet-12.onnx,1788.6539999999998,0.6220763599999997,121.0,13039.652000000004,4.53506371,484.0,1756.577,0.6109203100000001,121.0,40.436,0.0140632,1.0,4719.499000000002,1.6413953200000004,58.0,315.942,0.1098816,3.0,0.0,0.0,0.0,0.0,0.0,0.0,0.0,0.0,0.0,0.0,0.0,0.0,0.0,0.0,0.0,0.0,0.0,0.0
96,224896.9629999999,79.31975409999997,121.0,264912.4080000001,93.43295298,1516.0,15.021,0.00529781,1.0,4415.954,1.5574798400000005,121.0,923.891,0.325851,1.0,0.0,0.0,0.0,13371.620000000006,4.716087119999997,484.0,densenet-12.onnx,1805.1989999999996,0.6366824200000003,121.0,13311.807,4.694991310000002,484.0,1856.8120000000008,0.6548860099999999,121.0,36.93,0.013025,1.0,3897.886,1.3747601699999994,58.0,380.325,0.1341382,3.0,0.0,0.0,0.0,0.0,0.0,0.0,0.0,0.0,0.0,0.0,0.0,0.0,0.0,0.0,0.0,0.0,0.0,0.0
97,210146.829,79.2262261,121.0,246048.7659999997,92.76140102000002,1516.0,14.947,0.00563508,1.0,4103.933999999999,1.5471997900000003,121.0,376.702,0.142018,1.0,0.0,0.0,0.0,11807.581999999991,4.451506229999996,484.0,densenet-12.onnx,1754.2900000000002,0.6613743799999999,121.0,12277.175000000008,4.62854418,484.0,1877.298,0.70774886,121.0,42.728,0.0161086,1.0,3334.237000000001,1.2570209,58.0,313.044,0.1180189,3.0,0.0,0.0,0.0,0.0,0.0,0.0,0.0,0.0,0.0,0.0,0.0,0.0,0.0,0.0,0.0,0.0,0.0,0.0
98,262733.666,74.03536660000002,121.0,332574.15800000005,93.7156198799999,1516.0,29.841,0.00840885,1.0,7250.247999999999,2.0430368800000007,121.0,2190.96,0.617387,1.0,0.0,0.0,0.0,20804.518000000007,5.862476020000006,484.0,densenet-12.onnx,1985.5540000000003,0.5595065800000001,121.0,27768.94399999997,7.824970660000002,484.0,2409.8120000000017,0.6790577800000002,121.0,46.157,0.0130065,1.0,6960.603,1.9614191100000005,58.0,393.855,0.1109839,3.0,0.0,0.0,0.0,0.0,0.0,0.0,0.0,0.0,0.0,0.0,0.0,0.0,0.0,0.0,0.0,0.0,0.0,0.0
99,210450.7360000001,78.9548941,121.0,247745.458,92.9467775600002,1516.0,15.622,0.00586091,1.0,4379.485999999994,1.64305446,121.0,368.322,0.138184,1.0,0.0,0.0,0.0,12300.315999999988,4.614716749999997,484.0,densenet-12.onnx,1726.307,0.6476596600000001,121.0,12690.470999999998,4.7610914699999975,484.0,1743.3110000000008,0.65403901,121.0,35.111,0.0131726,1.0,3721.410999999999,1.3961641000000002,58.0,314.365,0.1179404999999999,3.0,0.0,0.0,0.0,0.0,0.0,0.0,0.0,0.0,0.0,0.0,0.0,0.0,0.0,0.0,0.0,0.0,0.0,0.0
100,26195.514000000003,71.45824300000001,52.0,33291.715,90.81584249999996,152.0,3347.2920000000004,9.131008899999998,52.0,0.0,0.0,0.0,0.0,0.0,0.0,1235.71,3.37088,1.0,203.624,0.5554616,11.0,mobilenetv2-12.onnx,0.0,0.0,0.0,0.0,0.0,0.0,0.0,0.0,0.0,41.894,0.114282,1.0,0.0,0.0,0.0,0.0,0.0,0.0,2267.681,6.185966999999998,35.0,0.0,0.0,0.0,0.0,0.0,0.0,0.0,0.0,0.0,0.0,0.0,0.0,0.0,0.0,0.0
101,26195.914000000004,73.65407,52.0,33278.705,93.56848583,152.0,3355.7509999999997,9.4352355,52.0,0.0,0.0,0.0,0.0,0.0,0.0,1234.28,3.47038,1.0,200.914,0.5649025299999999,11.0,mobilenetv2-12.onnx,0.0,0.0,0.0,0.0,0.0,0.0,0.0,0.0,0.0,40.905,0.115011,1.0,0.0,0.0,0.0,0.0,0.0,0.0,2250.941,6.3288868,35.0,0.0,0.0,0.0,0.0,0.0,0.0,0.0,0.0,0.0,0.0,0.0,0.0,0.0,0.0,0.0
102,26830.370000000003,74.331933,52.0,33917.77300000002,93.96714080999998,152.0,3349.62,9.279917800000003,52.0,0.0,0.0,0.0,0.0,0.0,0.0,1234.51,3.42012,1.0,216.012,0.5984483099999999,11.0,mobilenetv2-12.onnx,0.0,0.0,0.0,0.0,0.0,0.0,0.0,0.0,0.0,42.259,0.117076,1.0,0.0,0.0,0.0,0.0,0.0,0.0,2245.002,6.2196457,35.0,0.0,0.0,0.0,0.0,0.0,0.0,0.0,0.0,0.0,0.0,0.0,0.0,0.0,0.0,0.0
103,25977.553,73.87144100000002,52.0,33125.749,94.19849412000003,152.0,3321.832000000001,9.446167999999998,52.0,0.0,0.0,0.0,0.0,0.0,0.0,1278.2,3.63477,1.0,199.028,0.56596862,11.0,mobilenetv2-12.onnx,0.0,0.0,0.0,0.0,0.0,0.0,0.0,0.0,0.0,40.399,0.114881,1.0,0.0,0.0,0.0,0.0,0.0,0.0,2308.7370000000005,6.565265499999998,35.0,0.0,0.0,0.0,0.0,0.0,0.0,0.0,0.0,0.0,0.0,0.0,0.0,0.0,0.0,0.0
104,30567.221,71.39447300000002,52.0,40205.472000000016,93.90613335,152.0,4424.913999999999,10.3350823,52.0,0.0,0.0,0.0,0.0,0.0,0.0,1827.68,4.26884,1.0,220.705,0.51549135,11.0,mobilenetv2-12.onnx,0.0,0.0,0.0,0.0,0.0,0.0,0.0,0.0,0.0,63.541,0.14841,1.0,0.0,0.0,0.0,0.0,0.0,0.0,3101.4109999999987,7.243836699999998,35.0,0.0,0.0,0.0,0.0,0.0,0.0,0.0,0.0,0.0,0.0,0.0,0.0,0.0,0.0,0.0
105,29200.54,72.189453,52.0,37955.06500000002,93.83232930999996,152.0,4279.228999999998,10.5790813,52.0,0.0,0.0,0.0,0.0,0.0,0.0,1271.63,3.14371,1.0,224.849,0.55587051,11.0,mobilenetv2-12.onnx,0.0,0.0,0.0,0.0,0.0,0.0,0.0,0.0,0.0,44.883,0.11096,1.0,0.0,0.0,0.0,0.0,0.0,0.0,2933.9339999999997,7.2532545000000015,35.0,0.0,0.0,0.0,0.0,0.0,0.0,0.0,0.0,0.0,0.0,0.0,0.0,0.0,0.0,0.0
106,26649.944,73.89316500000001,52.0,33795.721,93.70647955,152.0,3337.3620000000005,9.253609299999995,52.0,0.0,0.0,0.0,0.0,0.0,0.0,1260.79,3.49582,1.0,213.905,0.5931016499999999,11.0,mobilenetv2-12.onnx,0.0,0.0,0.0,0.0,0.0,0.0,0.0,0.0,0.0,41.508,0.115091,1.0,0.0,0.0,0.0,0.0,0.0,0.0,2292.211999999999,6.3556926,35.0,0.0,0.0,0.0,0.0,0.0,0.0,0.0,0.0,0.0,0.0,0.0,0.0,0.0,0.0,0.0
107,28082.771,73.89294799999998,52.0,35925.247000000025,94.52850458,152.0,3760.142,9.893897899999995,52.0,0.0,0.0,0.0,0.0,0.0,0.0,1337.18,3.51846,1.0,195.063,0.51326078,11.0,mobilenetv2-12.onnx,0.0,0.0,0.0,0.0,0.0,0.0,0.0,0.0,0.0,44.172,0.116228,1.0,0.0,0.0,0.0,0.0,0.0,0.0,2505.919,6.5937099,35.0,0.0,0.0,0.0,0.0,0.0,0.0,0.0,0.0,0.0,0.0,0.0,0.0,0.0,0.0,0.0
108,26433.071,73.98963399999998,52.0,33562.14399999999,93.94483044999993,152.0,3328.788,9.317712,52.0,0.0,0.0,0.0,0.0,0.0,0.0,1260.63,3.52866,1.0,203.96,0.57091045,11.0,mobilenetv2-12.onnx,0.0,0.0,0.0,0.0,0.0,0.0,0.0,0.0,0.0,42.275,0.118333,1.0,0.0,0.0,0.0,0.0,0.0,0.0,2293.419999999999,6.419581,35.0,0.0,0.0,0.0,0.0,0.0,0.0,0.0,0.0,0.0,0.0,0.0,0.0,0.0,0.0,0.0
109,26505.511999999995,73.51048600000001,52.0,33894.625,94.00346796000002,152.0,3431.9739999999997,9.5182458,52.0,0.0,0.0,0.0,0.0,0.0,0.0,1271.43,3.52618,1.0,207.57100000000003,0.5756782599999999,11.0,mobilenetv2-12.onnx,0.0,0.0,0.0,0.0,0.0,0.0,0.0,0.0,0.0,42.357,0.117473,1.0,0.0,0.0,0.0,0.0,0.0,0.0,2435.7809999999995,6.755404899999999,35.0,0.0,0.0,0.0,0.0,0.0,0.0,0.0,0.0,0.0,0.0,0.0,0.0,0.0,0.0,0.0
110,26639.418,73.24095600000003,52.0,34220.223999999995,94.08319574999996,152.0,3569.1289999999995,9.8127659,52.0,0.0,0.0,0.0,0.0,0.0,0.0,1251.52,3.44085,1.0,221.397,0.60869665,11.0,mobilenetv2-12.onnx,0.0,0.0,0.0,0.0,0.0,0.0,0.0,0.0,0.0,40.289,0.110768,1.0,0.0,0.0,0.0,0.0,0.0,0.0,2498.471000000001,6.869159199999998,35.0,0.0,0.0,0.0,0.0,0.0,0.0,0.0,0.0,0.0,0.0,0.0,0.0,0.0,0.0,0.0
111,26698.744,74.26014799999999,52.0,33771.549,93.93250909999996,152.0,3307.7150000000006,9.200110399999996,52.0,0.0,0.0,0.0,0.0,0.0,0.0,1244.34,3.46101,1.0,200.639,0.5580587,11.0,mobilenetv2-12.onnx,0.0,0.0,0.0,0.0,0.0,0.0,0.0,0.0,0.0,44.248,0.123072,1.0,0.0,0.0,0.0,0.0,0.0,0.0,2275.8629999999994,6.330110000000002,35.0,0.0,0.0,0.0,0.0,0.0,0.0,0.0,0.0,0.0,0.0,0.0,0.0,0.0,0.0,0.0
112,27172.847999999994,74.138381,52.0,34441.494000000006,93.97013322,152.0,3423.083,9.339540800000002,52.0,0.0,0.0,0.0,0.0,0.0,0.0,1275.9,3.48115,1.0,207.418,0.5659185199999999,11.0,mobilenetv2-12.onnx,0.0,0.0,0.0,0.0,0.0,0.0,0.0,0.0,0.0,41.807,0.114066,1.0,0.0,0.0,0.0,0.0,0.0,0.0,2320.438,6.3310769,35.0,0.0,0.0,0.0,0.0,0.0,0.0,0.0,0.0,0.0,0.0,0.0,0.0,0.0,0.0,0.0
113,26938.669,74.38411700000002,52.0,34085.596999999994,94.11848573000005,152.0,3369.044000000001,9.3027382,52.0,0.0,0.0,0.0,0.0,0.0,0.0,1226.32,3.38615,1.0,206.00100000000003,0.56881773,11.0,mobilenetv2-12.onnx,0.0,0.0,0.0,0.0,0.0,0.0,0.0,0.0,0.0,41.082,0.113437,1.0,0.0,0.0,0.0,0.0,0.0,0.0,2304.481,6.3632258,35.0,0.0,0.0,0.0,0.0,0.0,0.0,0.0,0.0,0.0,0.0,0.0,0.0,0.0,0.0,0.0
114,26532.649000000005,73.04843799999999,52.0,34093.520999999986,93.86467219,152.0,3401.951999999999,9.3660954,52.0,0.0,0.0,0.0,0.0,0.0,0.0,1536.61,4.23052,1.0,256.497,0.7061753900000001,11.0,mobilenetv2-12.onnx,0.0,0.0,0.0,0.0,0.0,0.0,0.0,0.0,0.0,44.458,0.1224,1.0,0.0,0.0,0.0,0.0,0.0,0.0,2321.355,6.3910434,35.0,0.0,0.0,0.0,0.0,0.0,0.0,0.0,0.0,0.0,0.0,0.0,0.0,0.0,0.0,0.0
115,26897.29699999999,73.30994899999997,52.0,34474.61999999997,93.9623318,152.0,3464.9589999999985,9.443926,52.0,0.0,0.0,0.0,0.0,0.0,0.0,1481.51,4.03793,1.0,199.111,0.5426871999999999,11.0,mobilenetv2-12.onnx,0.0,0.0,0.0,0.0,0.0,0.0,0.0,0.0,0.0,41.916,0.114244,1.0,0.0,0.0,0.0,0.0,0.0,0.0,2389.827,6.513595599999999,35.0,0.0,0.0,0.0,0.0,0.0,0.0,0.0,0.0,0.0,0.0,0.0,0.0,0.0,0.0,0.0
116,27400.398,74.62195099999997,52.0,34571.948000000004,94.15287865000002,152.0,3363.254000000001,9.159454699999998,52.0,0.0,0.0,0.0,0.0,0.0,0.0,1266.18,3.4483,1.0,208.68000000000004,0.56831705,11.0,mobilenetv2-12.onnx,0.0,0.0,0.0,0.0,0.0,0.0,0.0,0.0,0.0,41.176,0.112138,1.0,0.0,0.0,0.0,0.0,0.0,0.0,2292.26,6.242717900000001,35.0,0.0,0.0,0.0,0.0,0.0,0.0,0.0,0.0,0.0,0.0,0.0,0.0,0.0,0.0,0.0
117,26601.007,74.228568,52.0,33662.305,93.93272566999998,152.0,3312.105,9.242239700000004,52.0,0.0,0.0,0.0,0.0,0.0,0.0,1254.58,3.50084,1.0,199.278,0.55607357,11.0,mobilenetv2-12.onnx,0.0,0.0,0.0,0.0,0.0,0.0,0.0,0.0,0.0,39.778,0.110998,1.0,0.0,0.0,0.0,0.0,0.0,0.0,2255.556999999999,6.294006400000001,35.0,0.0,0.0,0.0,0.0,0.0,0.0,0.0,0.0,0.0,0.0,0.0,0.0,0.0,0.0,0.0
118,27250.66799999999,73.011701,52.0,34983.969999999994,93.73124363999996,152.0,3749.604,10.0461782,52.0,0.0,0.0,0.0,0.0,0.0,0.0,1258.49,3.37182,1.0,220.192,0.5899520400000001,11.0,mobilenetv2-12.onnx,0.0,0.0,0.0,0.0,0.0,0.0,0.0,0.0,0.0,39.027,0.104564,1.0,0.0,0.0,0.0,0.0,0.0,0.0,2465.9890000000005,6.607028399999998,35.0,0.0,0.0,0.0,0.0,0.0,0.0,0.0,0.0,0.0,0.0,0.0,0.0,0.0,0.0,0.0
119,27866.36999999999,73.59998299999998,52.0,35631.664000000004,94.10950905999997,152.0,3724.635,9.8374311,52.0,0.0,0.0,0.0,0.0,0.0,0.0,1324.22,3.49751,1.0,211.845,0.5595200600000001,11.0,mobilenetv2-12.onnx,0.0,0.0,0.0,0.0,0.0,0.0,0.0,0.0,0.0,40.908,0.108045,1.0,0.0,0.0,0.0,0.0,0.0,0.0,2463.6859999999992,6.507019900000002,35.0,0.0,0.0,0.0,0.0,0.0,0.0,0.0,0.0,0.0,0.0,0.0,0.0,0.0,0.0,0.0
120,663250.5540000002,90.24193100000004,155.0,707273.7929999995,96.23173727799994,1700.0,5624.039000000002,0.76520732,100.0,5672.197999999999,0.7717597399999997,151.0,401.05,0.0545669,1.0,1355.05,0.184369,1.0,15245.673999999986,2.0743276880000003,516.0,resnet152-v1-7.onnx,2307.389999999999,0.3139436600000001,155.0,11045.318999999996,1.5028269199999995,465.0,2323.727000000001,0.3161664099999999,155.0,48.792,0.00663864,1.0,0.0,0.0,0.0,0.0,0.0,0.0,0.0,0.0,0.0,0.0,0.0,0.0,0.0,0.0,0.0,0.0,0.0,0.0,0.0,0.0,0.0,0.0,0.0,0.0
121,729883.8130000001,90.97415799999996,155.0,778748.9659999987,97.06480717399997,1700.0,6657.028,0.82974488,100.0,6531.897999999998,0.8141485600000004,151.0,440.157,0.054862,1.0,1369.39,0.170684,1.0,17009.246000000003,2.1200659139999987,516.0,resnet152-v1-7.onnx,2380.848000000001,0.2967536299999998,155.0,12072.871999999998,1.5047865999999983,465.0,2349.6409999999983,0.2928638299999999,155.0,54.073,0.00673976,1.0,0.0,0.0,0.0,0.0,0.0,0.0,0.0,0.0,0.0,0.0,0.0,0.0,0.0,0.0,0.0,0.0,0.0,0.0,0.0,0.0,0.0,0.0,0.0,0.0
122,697832.8240000001,89.71540200000001,155.0,754172.134000001,96.95854592099994,1700.0,8835.116,1.135867909999999,100.0,7164.213,0.9210519599999996,151.0,433.107,0.0556815,1.0,2115.08,0.271921,1.0,20016.46200000001,2.573373870999999,516.0,resnet152-v1-7.onnx,2296.647999999999,0.2952636899999998,155.0,13295.930999999988,1.70936298,465.0,2132.9900000000016,0.2742233399999998,155.0,49.763,0.00639767,1.0,0.0,0.0,0.0,0.0,0.0,0.0,0.0,0.0,0.0,0.0,0.0,0.0,0.0,0.0,0.0,0.0,0.0,0.0,0.0,0.0,0.0,0.0,0.0,0.0
123,750331.3790000002,89.03330900000002,155.0,815469.0679999999,96.76245741599992,1700.0,9990.89,1.1855055099999998,100.0,8161.218999999998,0.9683990199999996,151.0,434.337,0.0515378,1.0,2486.29,0.29502,1.0,23453.838,2.782999675999997,516.0,resnet152-v1-7.onnx,2470.344,0.2931276500000001,155.0,15645.345999999998,1.8564550500000003,465.0,2439.2739999999994,0.2894409099999999,155.0,56.151,0.0066628,1.0,0.0,0.0,0.0,0.0,0.0,0.0,0.0,0.0,0.0,0.0,0.0,0.0,0.0,0.0,0.0,0.0,0.0,0.0,0.0,0.0,0.0,0.0,0.0,0.0
124,701474.639,91.848997,155.0,741703.5299999994,97.11644918699992,1700.0,4461.506999999999,0.5841764700000003,100.0,5427.676999999999,0.7106838099999999,151.0,438.661,0.057437,1.0,1381.94,0.180948,1.0,14027.367,1.8367017570000024,516.0,resnet152-v1-7.onnx,2237.9690000000014,0.2930330399999999,155.0,10128.765,1.32623028,465.0,2072.815,0.2714082299999999,155.0,52.19,0.0068336,1.0,0.0,0.0,0.0,0.0,0.0,0.0,0.0,0.0,0.0,0.0,0.0,0.0,0.0,0.0,0.0,0.0,0.0,0.0,0.0,0.0,0.0,0.0,0.0,0.0
125,751053.2950000002,91.141743,155.0,800665.6900000002,97.1623009010002,1700.0,7326.540999999999,0.8890900600000003,100.0,6105.376999999997,0.74089907,151.0,491.648,0.0596624,1.0,2326.42,0.282315,1.0,16351.190999999988,1.9842479010000005,516.0,resnet152-v1-7.onnx,2444.211,0.29660959,155.0,12055.028000000004,1.4629005399999988,465.0,2449.1460000000006,0.2972084400000002,155.0,62.833,0.0076249,1.0,0.0,0.0,0.0,0.0,0.0,0.0,0.0,0.0,0.0,0.0,0.0,0.0,0.0,0.0,0.0,0.0,0.0,0.0,0.0,0.0,0.0,0.0,0.0,0.0
126,673974.7450000005,91.35023599999997,155.0,716733.8160000002,97.1457812819999,1700.0,5483.177999999999,0.7431874899999998,100.0,5650.880999999999,0.7659177999999996,151.0,411.319,0.05575,1.0,1364.94,0.185003,1.0,15123.992,2.0498991920000025,516.0,resnet152-v1-7.onnx,2154.404,0.29200699,155.0,10563.382000000003,1.4317563499999988,465.0,1955.2150000000004,0.26500893,155.0,51.76,0.00701553,1.0,0.0,0.0,0.0,0.0,0.0,0.0,0.0,0.0,0.0,0.0,0.0,0.0,0.0,0.0,0.0,0.0,0.0,0.0,0.0,0.0,0.0,0.0,0.0,0.0
127,705549.8829999997,91.210125,155.0,751277.2090000008,97.12153642299984,1700.0,5790.459999999999,0.7485629999999996,100.0,5972.826000000003,0.7721385399999993,151.0,476.029,0.0615388,1.0,1631.98,0.210975,1.0,16186.873999999983,2.092562033,516.0,resnet152-v1-7.onnx,2269.3740000000007,0.2933738899999998,155.0,11201.351999999992,1.4480574900000025,465.0,2140.057,0.2766563600000001,155.0,58.374,0.00754631,1.0,0.0,0.0,0.0,0.0,0.0,0.0,0.0,0.0,0.0,0.0,0.0,0.0,0.0,0.0,0.0,0.0,0.0,0.0,0.0,0.0,0.0,0.0,0.0,0.0
128,709939.8640000002,90.84726599999996,155.0,759173.5069999982,97.14743510100006,1700.0,6660.399000000002,0.8522962900000003,100.0,6329.289999999999,0.8099256300000005,151.0,412.857,0.0528311,1.0,1417.5,0.18139,1.0,17280.818000000007,2.211334921000001,516.0,resnet152-v1-7.onnx,2285.298999999999,0.29243766,155.0,12507.603999999998,1.6005319299999998,465.0,2288.175,0.29280567,155.0,51.701,0.0066159,1.0,0.0,0.0,0.0,0.0,0.0,0.0,0.0,0.0,0.0,0.0,0.0,0.0,0.0,0.0,0.0,0.0,0.0,0.0,0.0,0.0,0.0,0.0,0.0,0.0
129,706138.6459999997,90.717726,155.0,755805.391000001,97.098420574,1700.0,6709.421000000001,0.8619606199999998,100.0,6397.548000000002,0.8218940799999997,151.0,696.092,0.089427,1.0,1473.79,0.189338,1.0,17176.48899999999,2.206666144,516.0,resnet152-v1-7.onnx,2288.155,0.2939595799999999,155.0,12654.878999999995,1.625774239999998,465.0,2220.008,0.2852047699999998,155.0,50.363,0.00647014,1.0,0.0,0.0,0.0,0.0,0.0,0.0,0.0,0.0,0.0,0.0,0.0,0.0,0.0,0.0,0.0,0.0,0.0,0.0,0.0,0.0,0.0,0.0,0.0,0.0
130,742089.9469999999,90.797168,155.0,793169.0650000009,97.04686732700009,1700.0,7286.2239999999965,0.8914934099999998,100.0,6401.508000000001,0.7832456500000001,151.0,649.594,0.07948,1.0,2013.83,0.246399,1.0,16901.664999999983,2.0679747669999986,516.0,resnet152-v1-7.onnx,2482.4730000000004,0.30373878,155.0,12909.492000000006,1.5795191699999995,465.0,2345.683000000001,0.2870020499999999,155.0,88.649,0.0108465,1.0,0.0,0.0,0.0,0.0,0.0,0.0,0.0,0.0,0.0,0.0,0.0,0.0,0.0,0.0,0.0,0.0,0.0,0.0,0.0,0.0,0.0,0.0,0.0,0.0
131,681125.9540000001,90.93611599999996,155.0,727166.2460000004,97.08288684200002,1700.0,6252.139,0.8347138199999998,100.0,5923.764999999996,0.79087313,151.0,422.634,0.0564252,1.0,1381.6,0.184455,1.0,16398.009,2.189273912,516.0,resnet152-v1-7.onnx,2202.6089999999986,0.2940671200000001,155.0,11296.556000000006,1.5081863599999996,465.0,2111.927,0.2819602900000001,155.0,51.053,0.00681601,1.0,0.0,0.0,0.0,0.0,0.0,0.0,0.0,0.0,0.0,0.0,0.0,0.0,0.0,0.0,0.0,0.0,0.0,0.0,0.0,0.0,0.0,0.0,0.0,0.0
132,699303.6189999998,91.40379300000004,155.0,743269.1299999995,97.15038945700014,1700.0,5607.239999999997,0.7329050699999999,100.0,5810.598999999999,0.7594854499999996,151.0,426.173,0.0557037,1.0,1354.31,0.177018,1.0,15637.361,2.043911247,516.0,resnet152-v1-7.onnx,2190.9620000000004,0.28637383,155.0,10844.852000000004,1.4174970999999987,465.0,2042.0210000000009,0.2669062199999999,155.0,51.993,0.00679584,1.0,0.0,0.0,0.0,0.0,0.0,0.0,0.0,0.0,0.0,0.0,0.0,0.0,0.0,0.0,0.0,0.0,0.0,0.0,0.0,0.0,0.0,0.0,0.0,0.0
133,723278.6160000002,90.22878400000002,155.0,778523.4360000007,97.12055923200016,1700.0,7334.961000000001,0.9150344200000003,100.0,6568.005999999999,0.8193570199999995,151.0,418.929,0.0522613,1.0,1349.53,0.168354,1.0,20675.757,2.5792938719999983,516.0,resnet152-v1-7.onnx,2378.4979999999982,0.29671695,155.0,14148.815000000004,1.7650604100000018,465.0,2319.1069999999995,0.28930795,155.0,51.217,0.00638931,1.0,0.0,0.0,0.0,0.0,0.0,0.0,0.0,0.0,0.0,0.0,0.0,0.0,0.0,0.0,0.0,0.0,0.0,0.0,0.0,0.0,0.0,0.0,0.0,0.0
134,677769.4579999998,91.30302799999996,155.0,720950.5990000013,97.12000437800005,1700.0,5745.617000000002,0.7739978599999997,100.0,5685.471000000001,0.7658957199999997,151.0,414.361,0.055819,1.0,1352.28,0.182167,1.0,15164.258,2.042793209999997,516.0,resnet152-v1-7.onnx,2169.713000000001,0.2922842379999999,155.0,10600.014999999994,1.427939067,465.0,1997.038,0.2690230429999999,155.0,52.388,0.00705724,1.0,0.0,0.0,0.0,0.0,0.0,0.0,0.0,0.0,0.0,0.0,0.0,0.0,0.0,0.0,0.0,0.0,0.0,0.0,0.0,0.0,0.0,0.0,0.0,0.0
135,697477.068,91.45099200000006,155.0,741028.7849999986,97.16135555100016,1700.0,5502.657000000001,0.7214909799999999,100.0,5808.260000000001,0.76156072,151.0,425.115,0.0557397,1.0,1334.39,0.174961,1.0,15430.442000000005,2.023190840999998,516.0,resnet152-v1-7.onnx,2177.0170000000007,0.2854435800000001,155.0,10792.309,1.4150534599999995,465.0,2032.8450000000007,0.26654024,155.0,48.682,0.00638303,1.0,0.0,0.0,0.0,0.0,0.0,0.0,0.0,0.0,0.0,0.0,0.0,0.0,0.0,0.0,0.0,0.0,0.0,0.0,0.0,0.0,0.0,0.0,0.0,0.0
136,700777.142,90.90326599999992,155.0,745222.7409999986,96.668651273,1700.0,5774.904999999998,0.7491080800000001,100.0,5810.668999999997,0.75374721,151.0,413.843,0.0536828,1.0,1384.15,0.179549,1.0,15668.890999999983,2.0325339030000005,516.0,resnet152-v1-7.onnx,2204.153999999999,0.2859179699999999,155.0,11101.690999999995,1.4400868900000008,465.0,2031.205,0.26348342,155.0,56.091,0.007276,1.0,0.0,0.0,0.0,0.0,0.0,0.0,0.0,0.0,0.0,0.0,0.0,0.0,0.0,0.0,0.0,0.0,0.0,0.0,0.0,0.0,0.0,0.0,0.0,0.0
137,707441.7479999997,91.60616400000002,155.0,749827.6340000005,97.094685392,1700.0,4856.106000000001,0.62881393,100.0,5835.250999999998,0.7556027899999997,151.0,433.518,0.056136,1.0,1455.45,0.188466,1.0,14674.933,1.900247622000002,516.0,resnet152-v1-7.onnx,2297.526000000001,0.2975051400000001,155.0,10640.867,1.3778788599999987,465.0,2133.3050000000003,0.27624024,155.0,58.93,0.00763081,1.0,0.0,0.0,0.0,0.0,0.0,0.0,0.0,0.0,0.0,0.0,0.0,0.0,0.0,0.0,0.0,0.0,0.0,0.0,0.0,0.0,0.0,0.0,0.0,0.0
138,766654.8500000003,90.55782399999998,155.0,822723.1150000012,97.18064654699988,1700.0,8580.536,1.013539,100.0,6765.017999999997,0.79908872,151.0,460.448,0.0543884,1.0,1624.19,0.19185,1.0,19425.572999999986,2.294562317000001,516.0,resnet152-v1-7.onnx,2655.599000000002,0.31368118,155.0,14021.897,1.6562764699999983,465.0,2483.346999999999,0.2933346999999999,155.0,51.657,0.00610176,1.0,0.0,0.0,0.0,0.0,0.0,0.0,0.0,0.0,0.0,0.0,0.0,0.0,0.0,0.0,0.0,0.0,0.0,0.0,0.0,0.0,0.0,0.0,0.0,0.0
139,695661.6020000001,91.101066,155.0,741325.0620000002,97.08097060499976,1700.0,6282.214,0.8226936499999999,100.0,5832.073000000001,0.7637449599999999,151.0,419.718,0.0549646,1.0,1390.11,0.182043,1.0,15959.90600000002,2.090045795000002,516.0,resnet152-v1-7.onnx,2297.7469999999994,0.30090387,155.0,11352.240000000002,1.48664421,465.0,2076.023,0.2718676700000001,155.0,53.429,0.00699685,1.0,0.0,0.0,0.0,0.0,0.0,0.0,0.0,0.0,0.0,0.0,0.0,0.0,0.0,0.0,0.0,0.0,0.0,0.0,0.0,0.0,0.0,0.0,0.0,0.0
140,12509.926000000009,41.95811899999999,56.0,21676.653,72.70319458,590.0,0.0,0.0,0.0,675.026,2.2640277,37.0,153.346,0.51432,1.0,1138.46,3.81838,1.0,2228.2039999999997,7.473365680000005,169.0,shufflenet-v2-12.onnx,662.144,2.2208218000000004,56.0,2456.6510000000017,8.239573499999997,168.0,619.565,2.0780124,56.0,0.0,0.0,0.0,448.293,1.5035691,16.0,0.0,0.0,0.0,0.0,0.0,0.0,367.478,1.2325158,16.0,392.986,1.3180688,13.0,24.574,0.0824208,1.0,0.0,0.0,0.0,0.0,0.0,0.0
141,12591.368000000002,44.40334700000001,56.0,22010.282,77.61907266000009,590.0,0.0,0.0,0.0,687.7940000000002,2.4255001000000003,37.0,143.213,0.505039,1.0,1129.64,3.98367,1.0,2294.527000000001,8.091630359999998,169.0,shufflenet-v2-12.onnx,684.8589999999998,2.415149900000001,56.0,2430.1890000000008,8.570041600000003,168.0,684.3779999999997,2.4134533,56.0,0.0,0.0,0.0,472.666,1.6668519000000002,16.0,0.0,0.0,0.0,0.0,0.0,0.0,391.642,1.3811221000000002,16.0,473.494,1.6697731,13.0,26.512,0.0934943,1.0,0.0,0.0,0.0,0.0,0.0,0.0
142,13139.073999999997,44.037151,56.0,22826.568000000017,76.50589733000002,590.0,0.0,0.0,0.0,740.3159999999998,2.4812543000000007,37.0,139.965,0.469109,1.0,1140.61,3.82288,1.0,2434.996000000001,8.161169730000001,169.0,shufflenet-v2-12.onnx,739.1139999999999,2.477225899999999,56.0,2474.5759999999977,8.293826800000003,168.0,704.08,2.3598052,56.0,0.0,0.0,0.0,463.063,1.5520081,16.0,0.0,0.0,0.0,0.0,0.0,0.0,397.53,1.3323667,16.0,426.3640000000001,1.4290092,13.0,26.88,0.0900914,1.0,0.0,0.0,0.0,0.0,0.0,0.0
143,12636.496,44.25847500000002,56.0,22181.34100000002,77.68863027999988,590.0,0.0,0.0,0.0,672.246,2.354495400000001,37.0,143.741,0.503443,1.0,1148.29,4.02179,1.0,2405.669,8.42569238,169.0,shufflenet-v2-12.onnx,710.5360000000001,2.4886041999999997,56.0,2502.4069999999992,8.764509799999997,168.0,669.6670000000001,2.3454634000000003,56.0,0.0,0.0,0.0,466.657,1.6344345000000002,16.0,0.0,0.0,0.0,0.0,0.0,0.0,385.726,1.3509791,16.0,412.761,1.4456700000000002,13.0,27.145,0.0950735,1.0,0.0,0.0,0.0,0.0,0.0,0.0
144,13469.822000000002,44.089188000000014,56.0,23962.753999999964,78.43448774000012,590.0,0.0,0.0,0.0,692.7300000000001,2.2674324,37.0,173.024,0.566339,1.0,1247.8,4.08428,1.0,2547.643,8.338904639999999,169.0,shufflenet-v2-12.onnx,744.949,2.4383558000000005,56.0,2745.34,8.986004000000001,168.0,892.1789999999997,2.9202667,56.0,0.0,0.0,0.0,576.725,1.887726,16.0,0.0,0.0,0.0,0.0,0.0,0.0,409.35,1.3398781999999998,16.0,437.79,1.4329675999999998,13.0,25.402,0.0831454,1.0,0.0,0.0,0.0,0.0,0.0,0.0
145,13733.949999999995,44.875580000000014,56.0,23851.928000000007,77.93599492000001,590.0,0.0,0.0,0.0,731.726,2.3909079,37.0,152.317,0.497694,1.0,1204.86,3.93688,1.0,2513.128,8.21162322,169.0,shufflenet-v2-12.onnx,750.3879999999998,2.4518859,56.0,2619.4969999999994,8.559182900000001,168.0,709.5610000000001,2.3184842,56.0,0.0,0.0,0.0,513.214,1.6769238000000002,16.0,0.0,0.0,0.0,0.0,0.0,0.0,436.305,1.4256224000000002,16.0,459.855,1.5025733999999995,13.0,27.127,0.0886372,1.0,0.0,0.0,0.0,0.0,0.0,0.0
146,14756.376999999991,46.71536299999999,56.0,24767.103000000025,78.40707320000004,590.0,0.0,0.0,0.0,690.4569999999998,2.1858305,37.0,145.773,0.461484,1.0,1382.35,4.37622,1.0,2486.215,7.8707959,169.0,shufflenet-v2-12.onnx,724.4990000000001,2.2936001999999998,56.0,2517.8949999999986,7.971087600000002,168.0,702.9730000000004,2.2254538000000004,56.0,0.0,0.0,0.0,548.186,1.7354331,16.0,0.0,0.0,0.0,0.0,0.0,0.0,385.943,1.2218083000000002,16.0,397.2180000000001,1.2575023999999997,13.0,29.217,0.0924944,1.0,0.0,0.0,0.0,0.0,0.0,0.0
147,13479.609999999995,45.290011000000014,56.0,23317.959000000006,78.34579209999995,590.0,0.0,0.0,0.0,686.6459999999998,2.3070572000000005,37.0,140.893,0.473385,1.0,1445.09,4.85533,1.0,2394.0219999999995,8.0436579,169.0,shufflenet-v2-12.onnx,680.4080000000001,2.2860982,56.0,2500.336000000002,8.400861299999997,168.0,683.7430000000002,2.2973031999999995,56.0,0.0,0.0,0.0,476.86400000000015,1.6022120000000002,16.0,0.0,0.0,0.0,0.0,0.0,0.0,395.6380000000001,1.3293012,16.0,408.27400000000006,1.3717563,13.0,26.435,0.0888188,1.0,0.0,0.0,0.0,0.0,0.0,0.0
148,13016.103000000005,44.509651000000005,56.0,22774.692999999977,77.87994780999999,590.0,0.0,0.0,0.0,705.5520000000001,2.4126927999999994,37.0,146.912,0.502378,1.0,1195.28,4.08736,1.0,2441.07,8.34743751,169.0,shufflenet-v2-12.onnx,686.9549999999999,2.349098800000001,56.0,2562.74,8.763498800000002,168.0,689.8900000000002,2.3591352,56.0,0.0,0.0,0.0,484.733,1.6575838,16.0,0.0,0.0,0.0,0.0,0.0,0.0,409.083,1.3988921,16.0,413.582,1.4142773,13.0,22.793,0.0779425,1.0,0.0,0.0,0.0,0.0,0.0,0.0
149,13115.798999999995,44.153657,56.0,22995.35399999998,77.41265750999999,590.0,0.0,0.0,0.0,697.0699999999999,2.3466488,37.0,140.947,0.474491,1.0,1157.31,3.89602,1.0,2460.2080000000005,8.282161609999998,169.0,shufflenet-v2-12.onnx,743.322,2.5023541,56.0,2571.0840000000003,8.655418699999998,168.0,709.3469999999999,2.3879795000000006,56.0,0.0,0.0,0.0,512.969,1.7268834000000002,16.0,0.0,0.0,0.0,0.0,0.0,0.0,408.368,1.3747506,16.0,455.489,1.5333799,13.0,23.441,0.0789129,1.0,0.0,0.0,0.0,0.0,0.0,0.0
150,13121.925,45.192212,56.0,22573.774,77.7446074799999,590.0,0.0,0.0,0.0,654.048,2.2525562,37.0,146.057,0.503024,1.0,1116.66,3.84581,1.0,2366.4820000000004,8.150219380000008,169.0,shufflenet-v2-12.onnx,657.965,2.2660468,56.0,2539.7980000000007,8.747123600000002,168.0,662.431,2.2814281000000003,56.0,0.0,0.0,0.0,472.50999999999993,1.6273343,16.0,0.0,0.0,0.0,0.0,0.0,0.0,399.31500000000005,1.3752497999999995,16.0,410.747,1.4146234999999998,13.0,25.836,0.0889798,1.0,0.0,0.0,0.0,0.0,0.0,0.0
151,13297.422999999995,44.59883499999999,56.0,23318.85400000001,78.21017095000002,590.0,0.0,0.0,0.0,709.3740000000001,2.3792023,37.0,152.277,0.510729,1.0,1173.1,3.93451,1.0,2542.375000000002,8.526988449999994,169.0,shufflenet-v2-12.onnx,725.333,2.4327277,56.0,2660.2610000000013,8.922372600000003,168.0,696.8800000000001,2.3372977999999995,56.0,0.0,0.0,0.0,515.0279999999999,1.7273754,16.0,0.0,0.0,0.0,0.0,0.0,0.0,398.163,1.3354174,16.0,421.4090000000001,1.413384,13.0,27.231,0.0913313,1.0,0.0,0.0,0.0,0.0,0.0,0.0
152,12896.253,44.66967700000001,56.0,22407.201000000005,77.61342169000001,590.0,0.0,0.0,0.0,696.3519999999999,2.4120048,37.0,149.971,0.519465,1.0,1167.43,4.0437,1.0,2398.8329999999987,8.309010890000001,169.0,shufflenet-v2-12.onnx,677.887,2.348046,56.0,2450.7310000000016,8.488772800000001,168.0,690.8139999999999,2.392822400000001,56.0,0.0,0.0,0.0,442.775,1.5336724,16.0,0.0,0.0,0.0,0.0,0.0,0.0,389.148,1.3479199,16.0,422.614,1.4638387,13.0,24.393,0.0844918,1.0,0.0,0.0,0.0,0.0,0.0,0.0
153,13465.077,45.041088,56.0,23222.75899999998,77.68082263000001,590.0,0.0,0.0,0.0,714.9310000000002,2.3914656000000005,37.0,156.187,0.52245,1.0,1116.18,3.73365,1.0,2460.742,8.231256430000002,169.0,shufflenet-v2-12.onnx,725.6410000000005,2.4272908,56.0,2565.841000000001,8.582815500000002,168.0,676.9940000000001,2.264565,56.0,0.0,0.0,0.0,491.732,1.6448573000000002,16.0,0.0,0.0,0.0,0.0,0.0,0.0,396.066,1.3248535,16.0,425.378,1.4229031,13.0,27.99,0.0936274,1.0,0.0,0.0,0.0,0.0,0.0,0.0
154,13285.721,45.19719699999999,56.0,22922.099000000017,77.97953641000002,590.0,0.0,0.0,0.0,682.8420000000002,2.322986,37.0,157.655,0.536332,1.0,1129.76,3.84336,1.0,2415.3609999999985,8.216906610000002,169.0,shufflenet-v2-12.onnx,697.5220000000002,2.3729262,56.0,2525.4489999999987,8.591419700000003,168.0,717.1669999999999,2.439757100000001,56.0,0.0,0.0,0.0,472.4719999999999,1.6073195,16.0,0.0,0.0,0.0,0.0,0.0,0.0,398.7690000000001,1.3565866999999998,16.0,410.199,1.3954702999999995,13.0,29.182,0.0992753,1.0,0.0,0.0,0.0,0.0,0.0,0.0
155,13203.305,44.504459,56.0,22996.814999999988,77.51551628,590.0,0.0,0.0,0.0,725.067,2.4439893,37.0,160.947,0.542505,1.0,1137.1,3.83283,1.0,2453.827,8.271133180000007,169.0,shufflenet-v2-12.onnx,690.181,2.3263983999999995,56.0,2559.788,8.628296700000005,168.0,707.0089999999999,2.3831206,56.0,0.0,0.0,0.0,499.284,1.6829406000000002,16.0,0.0,0.0,0.0,0.0,0.0,0.0,403.01,1.3584287,16.0,432.0559999999999,1.4563348,13.0,25.241,0.08508,1.0,0.0,0.0,0.0,0.0,0.0,0.0
156,13413.777,45.212096,56.0,23202.635000000013,78.20615067000001,590.0,0.0,0.0,0.0,697.961,2.3525274999999994,37.0,157.647,0.53136,1.0,1128.22,3.80276,1.0,2479.6410000000005,8.357806069999999,169.0,shufflenet-v2-12.onnx,715.0339999999999,2.4100728,56.0,2552.581999999999,8.6036588,168.0,709.587,2.3917135,56.0,0.0,0.0,0.0,489.799,1.6509014000000002,16.0,0.0,0.0,0.0,0.0,0.0,0.0,414.946,1.3986051,16.0,417.931,1.4086662000000003,13.0,25.51,0.0859833,1.0,0.0,0.0,0.0,0.0,0.0,0.0
157,12990.017999999996,44.42682800000001,56.0,22665.197999999986,77.51666865000008,590.0,0.0,0.0,0.0,709.4990000000001,2.4265397,37.0,158.985,0.543741,1.0,1150.14,3.93356,1.0,2455.629999999999,8.398439749999998,169.0,shufflenet-v2-12.onnx,699.004,2.3906467,56.0,2462.265000000001,8.421131499999994,168.0,668.6970000000001,2.2869944,56.0,0.0,0.0,0.0,518.62,1.7737211,16.0,0.0,0.0,0.0,0.0,0.0,0.0,406.3889999999999,1.3898814000000002,16.0,418.222,1.4303498,13.0,27.729,0.0948353,1.0,0.0,0.0,0.0,0.0,0.0,0.0
158,13309.772,44.77375000000001,56.0,23165.09300000001,77.92682250000009,590.0,0.0,0.0,0.0,719.8159999999998,2.4214438000000005,37.0,157.308,0.52918,1.0,1128.9,3.7976,1.0,2578.866,8.67524339999999,169.0,shufflenet-v2-12.onnx,689.1559999999998,2.318304199999999,56.0,2540.667,8.5467431,168.0,696.6089999999999,2.343376,56.0,0.0,0.0,0.0,481.22,1.6188121,16.0,0.0,0.0,0.0,0.0,0.0,0.0,413.51,1.3910383000000002,16.0,424.334,1.4274508999999995,13.0,24.935,0.0838807,1.0,0.0,0.0,0.0,0.0,0.0,0.0
159,13685.558999999996,44.459675,56.0,23912.51000000001,77.68353530000007,590.0,0.0,0.0,0.0,703.2829999999999,2.2847246,37.0,166.567,0.541119,1.0,1141.89,3.70962,1.0,2569.159,8.346314099999994,169.0,shufflenet-v2-12.onnx,751.2980000000001,2.4407087,56.0,2782.1580000000004,9.038274699999995,168.0,727.7529999999998,2.3642192,56.0,0.0,0.0,0.0,522.276,1.6966965,16.0,0.0,0.0,0.0,0.0,0.0,0.0,407.032,1.3223062999999995,16.0,425.765,1.3831646999999998,13.0,29.77,0.0967125,1.0,0.0,0.0,0.0,0.0,0.0,0.0
160,998019.87,91.269056,16.0,1091690.4199999997,99.835249212,61.0,3878.0410000000006,0.3546475699999999,16.0,3452.717,0.315751506,18.0,1728.467,0.15806857,5.0,84595.66,7.736293000000001,3.0,15.665,0.001432566,3.0,vgg19-7.onnx,0.0,0.0,0.0,0.0,0.0,0.0,0.0,0.0,0.0,0.0,0.0,0.0,0.0,0.0,0.0,0.0,0.0,0.0,0.0,0.0,0.0,0.0,0.0,0.0,0.0,0.0,0.0,0.0,0.0,0.0,0.0,0.0,0.0,0.0,0.0,0.0
161,830329.0900000001,73.64077699999999,16.0,1126041.2889999996,99.86706016399997,61.0,6679.812,0.5924234899999998,16.0,6247.392,0.5540720200000001,18.0,1900.18,0.1685244,5.0,280857.21,24.908815,3.0,27.605000000000004,0.002448254,3.0,vgg19-7.onnx,0.0,0.0,0.0,0.0,0.0,0.0,0.0,0.0,0.0,0.0,0.0,0.0,0.0,0.0,0.0,0.0,0.0,0.0,0.0,0.0,0.0,0.0,0.0,0.0,0.0,0.0,0.0,0.0,0.0,0.0,0.0,0.0,0.0,0.0,0.0,0.0
162,878563.1100000001,90.110235,16.0,973760.771,99.874231825,61.0,3537.156,0.3627901000000001,16.0,3163.043,0.324419062,18.0,1627.859,0.1669621599999999,5.0,86857.44,8.908578,3.0,12.163,0.001247503,3.0,vgg19-7.onnx,0.0,0.0,0.0,0.0,0.0,0.0,0.0,0.0,0.0,0.0,0.0,0.0,0.0,0.0,0.0,0.0,0.0,0.0,0.0,0.0,0.0,0.0,0.0,0.0,0.0,0.0,0.0,0.0,0.0,0.0,0.0,0.0,0.0,0.0,0.0,0.0
163,809185.2100000002,89.69256999999999,16.0,900951.4319999998,99.86421528499996,61.0,3572.9,0.39603116,16.0,3175.949000000001,0.352031893,18.0,1730.265,0.19178747,5.0,83274.2,9.230364000000002,3.0,12.908,0.001430762,3.0,vgg19-7.onnx,0.0,0.0,0.0,0.0,0.0,0.0,0.0,0.0,0.0,0.0,0.0,0.0,0.0,0.0,0.0,0.0,0.0,0.0,0.0,0.0,0.0,0.0,0.0,0.0,0.0,0.0,0.0,0.0,0.0,0.0,0.0,0.0,0.0,0.0,0.0,0.0
164,775810.9800000001,88.79847000000001,16.0,871714.79,99.77550809799996,61.0,6613.927999999999,0.7570228299999999,16.0,6189.811000000001,0.708478903,18.0,1869.968,0.21403378,5.0,81217.98,9.296115,3.0,12.123,0.001387585,3.0,vgg19-7.onnx,0.0,0.0,0.0,0.0,0.0,0.0,0.0,0.0,0.0,0.0,0.0,0.0,0.0,0.0,0.0,0.0,0.0,0.0,0.0,0.0,0.0,0.0,0.0,0.0,0.0,0.0,0.0,0.0,0.0,0.0,0.0,0.0,0.0,0.0,0.0,0.0
165,800940.4700000001,86.93245,16.0,919956.9960000004,99.85026358300006,61.0,8370.590999999997,0.90852681,16.0,7067.239999999998,0.76706377,18.0,1926.053,0.2090504999999999,5.0,101639.84,11.031783,3.0,12.802,0.001389503,3.0,vgg19-7.onnx,0.0,0.0,0.0,0.0,0.0,0.0,0.0,0.0,0.0,0.0,0.0,0.0,0.0,0.0,0.0,0.0,0.0,0.0,0.0,0.0,0.0,0.0,0.0,0.0,0.0,0.0,0.0,0.0,0.0,0.0,0.0,0.0,0.0,0.0,0.0,0.0
166,903685.76,89.82344699999999,16.0,1004671.8470000004,99.86114560199998,61.0,7075.523999999999,0.7032853999999998,16.0,6731.628000000001,0.6691016559999999,18.0,1905.001,0.189351,5.0,85262.57,8.474831,3.0,11.364,0.001129546,3.0,vgg19-7.onnx,0.0,0.0,0.0,0.0,0.0,0.0,0.0,0.0,0.0,0.0,0.0,0.0,0.0,0.0,0.0,0.0,0.0,0.0,0.0,0.0,0.0,0.0,0.0,0.0,0.0,0.0,0.0,0.0,0.0,0.0,0.0,0.0,0.0,0.0,0.0,0.0
167,1058475.41,90.93536,16.0,1162646.1779999998,99.884840415,61.0,7466.464000000001,0.6414560599999999,16.0,7013.798000000002,0.6025672,18.0,1866.405,0.16034561,5.0,87811.64,7.544041000000001,3.0,12.461,0.001070545,3.0,vgg19-7.onnx,0.0,0.0,0.0,0.0,0.0,0.0,0.0,0.0,0.0,0.0,0.0,0.0,0.0,0.0,0.0,0.0,0.0,0.0,0.0,0.0,0.0,0.0,0.0,0.0,0.0,0.0,0.0,0.0,0.0,0.0,0.0,0.0,0.0,0.0,0.0,0.0
168,796757.8899999999,89.15989,16.0,892245.9720000002,99.845337853,61.0,6698.204000000001,0.7495518100000002,16.0,6394.161999999999,0.7155277099999999,18.0,1521.514,0.17026253,5.0,80862.39,9.048784,3.0,11.811999999999998,0.0013218029999999,3.0,vgg19-7.onnx,0.0,0.0,0.0,0.0,0.0,0.0,0.0,0.0,0.0,0.0,0.0,0.0,0.0,0.0,0.0,0.0,0.0,0.0,0.0,0.0,0.0,0.0,0.0,0.0,0.0,0.0,0.0,0.0,0.0,0.0,0.0,0.0,0.0,0.0,0.0,0.0
169,801244.98,89.07087,16.0,898293.8559999998,99.859361924,61.0,6642.828,0.7384534200000004,16.0,6158.097,0.684567296,18.0,1831.201,0.2035669,5.0,82404.99,9.160597,3.0,11.759999999999998,0.001307308,3.0,vgg19-7.onnx,0.0,0.0,0.0,0.0,0.0,0.0,0.0,0.0,0.0,0.0,0.0,0.0,0.0,0.0,0.0,0.0,0.0,0.0,0.0,0.0,0.0,0.0,0.0,0.0,0.0,0.0,0.0,0.0,0.0,0.0,0.0,0.0,0.0,0.0,0.0,0.0
170,826841.9299999999,89.32529000000001,16.0,924300.071,99.85387432100002,61.0,6647.565,0.7181486299999998,16.0,6141.561,0.6634839830000001,18.0,1883.353,0.20346141,5.0,82774.31999999999,8.942265,3.0,11.342,0.001225298,3.0,vgg19-7.onnx,0.0,0.0,0.0,0.0,0.0,0.0,0.0,0.0,0.0,0.0,0.0,0.0,0.0,0.0,0.0,0.0,0.0,0.0,0.0,0.0,0.0,0.0,0.0,0.0,0.0,0.0,0.0,0.0,0.0,0.0,0.0,0.0,0.0,0.0,0.0,0.0
171,786028.8799999998,88.62315999999998,16.0,885563.5400000002,99.84549357500002,61.0,6635.799000000001,0.74817306,16.0,6139.189,0.692180818,18.0,1930.976,0.21771305,5.0,84815.2,9.562745,3.0,13.496,0.001521647,3.0,vgg19-7.onnx,0.0,0.0,0.0,0.0,0.0,0.0,0.0,0.0,0.0,0.0,0.0,0.0,0.0,0.0,0.0,0.0,0.0,0.0,0.0,0.0,0.0,0.0,0.0,0.0,0.0,0.0,0.0,0.0,0.0,0.0,0.0,0.0,0.0,0.0,0.0,0.0
172,1314545.2000000002,86.73712200000001,16.0,1514011.7570000002,99.89847507200002,61.0,12222.112999999998,0.8064475000000001,16.0,11403.88,0.7524582259999999,18.0,6869.645,0.45327735,5.0,168958.34,11.14834,3.0,12.579,0.0008299959999999,3.0,vgg19-7.onnx,0.0,0.0,0.0,0.0,0.0,0.0,0.0,0.0,0.0,0.0,0.0,0.0,0.0,0.0,0.0,0.0,0.0,0.0,0.0,0.0,0.0,0.0,0.0,0.0,0.0,0.0,0.0,0.0,0.0,0.0,0.0,0.0,0.0,0.0,0.0,0.0
173,785979.81,88.88432999999999,16.0,882951.8950000001,99.850634431,61.0,6681.837000000001,0.75562956,16.0,6224.259000000001,0.7038839489999998,18.0,1908.316,0.21580674,5.0,82145.38,9.289594,3.0,12.293,0.001390182,3.0,vgg19-7.onnx,0.0,0.0,0.0,0.0,0.0,0.0,0.0,0.0,0.0,0.0,0.0,0.0,0.0,0.0,0.0,0.0,0.0,0.0,0.0,0.0,0.0,0.0,0.0,0.0,0.0,0.0,0.0,0.0,0.0,0.0,0.0,0.0,0.0,0.0,0.0,0.0
174,1002053.9,90.163418,16.0,1109911.9530000004,99.868336532,61.0,7705.522,0.6933325600000001,16.0,7239.873,0.651434361,18.0,1932.823,0.17391245,5.0,90966.33,8.185024,3.0,13.505,0.001215161,3.0,vgg19-7.onnx,0.0,0.0,0.0,0.0,0.0,0.0,0.0,0.0,0.0,0.0,0.0,0.0,0.0,0.0,0.0,0.0,0.0,0.0,0.0,0.0,0.0,0.0,0.0,0.0,0.0,0.0,0.0,0.0,0.0,0.0,0.0,0.0,0.0,0.0,0.0,0.0
175,844478.5199999999,83.356043,16.0,1011500.0770000002,99.842262503,61.0,12875.261000000002,1.2708811799999995,16.0,11555.042,1.140566422,18.0,2562.211,0.25290861,5.0,140014.34,13.820412,3.0,14.703,0.001451291,3.0,vgg19-7.onnx,0.0,0.0,0.0,0.0,0.0,0.0,0.0,0.0,0.0,0.0,0.0,0.0,0.0,0.0,0.0,0.0,0.0,0.0,0.0,0.0,0.0,0.0,0.0,0.0,0.0,0.0,0.0,0.0,0.0,0.0,0.0,0.0,0.0,0.0,0.0,0.0
176,844406.25,82.926125,16.0,1016544.1100000002,99.83110145899998,61.0,12501.122,1.2276894899999995,16.0,11381.751000000002,1.1177615130000005,18.0,2938.951,0.28862447,5.0,145300.64,14.269389,3.0,15.396,0.0015119859999999,3.0,vgg19-7.onnx,0.0,0.0,0.0,0.0,0.0,0.0,0.0,0.0,0.0,0.0,0.0,0.0,0.0,0.0,0.0,0.0,0.0,0.0,0.0,0.0,0.0,0.0,0.0,0.0,0.0,0.0,0.0,0.0,0.0,0.0,0.0,0.0,0.0,0.0,0.0,0.0
177,915542.5799999998,77.630632,16.0,1156158.2499999998,98.032871067,61.0,22901.677000000003,1.94187671,16.0,70179.737,5.950682006,18.0,2724.762,0.23103775,5.0,144795.37,12.277445,3.0,14.124,0.001197601,3.0,vgg19-7.onnx,0.0,0.0,0.0,0.0,0.0,0.0,0.0,0.0,0.0,0.0,0.0,0.0,0.0,0.0,0.0,0.0,0.0,0.0,0.0,0.0,0.0,0.0,0.0,0.0,0.0,0.0,0.0,0.0,0.0,0.0,0.0,0.0,0.0,0.0,0.0,0.0
178,819970.07,81.299658,16.0,1007021.0419999998,99.84566445099998,61.0,11894.186999999998,1.17930288,16.0,10663.128,1.0572432510000005,18.0,2717.2160000000003,0.26941042,5.0,161760.92,16.038511,3.0,15.521,0.0015389,3.0,vgg19-7.onnx,0.0,0.0,0.0,0.0,0.0,0.0,0.0,0.0,0.0,0.0,0.0,0.0,0.0,0.0,0.0,0.0,0.0,0.0,0.0,0.0,0.0,0.0,0.0,0.0,0.0,0.0,0.0,0.0,0.0,0.0,0.0,0.0,0.0,0.0,0.0,0.0
179,977410.8,82.340312,16.0,1185219.671,99.84683920300002,61.0,15047.869,1.2676829099999998,16.0,14448.72,1.217207581,18.0,3771.143,0.31769423,5.0,174523.85,14.702486,3.0,17.289,0.001456482,3.0,vgg19-7.onnx,0.0,0.0,0.0,0.0,0.0,0.0,0.0,0.0,0.0,0.0,0.0,0.0,0.0,0.0,0.0,0.0,0.0,0.0,0.0,0.0,0.0,0.0,0.0,0.0,0.0,0.0,0.0,0.0,0.0,0.0,0.0,0.0,0.0,0.0,0.0,0.0
180,88010.90799999997,81.05974699999999,57.0,105430.00600000002,97.10306393999996,199.0,2150.38,1.9805396,57.0,1878.5870000000004,1.7302138000000002,57.0,3678.079,3.3875801,13.0,1148.88,1.05814,1.0,2.484,0.00228781,1.0,googlenet-9.onnx,0.0,0.0,0.0,0.0,0.0,0.0,0.0,0.0,0.0,0.0,0.0,0.0,687.585,0.6332788,9.0,32.971,0.0303669,1.0,0.0,0.0,0.0,0.0,0.0,0.0,0.0,0.0,0.0,0.0,0.0,0.0,7830.23,7.21179,2.0,9.902,0.00911993,1.0
181,96363.797,81.07099300000002,57.0,115712.42700000004,97.34902052,199.0,2493.894,2.0981162,57.0,2040.701,1.7168442100000003,57.0,3926.263999999999,3.3031715,13.0,1242.06,1.04495,1.0,2.951,0.00248268,1.0,googlenet-9.onnx,0.0,0.0,0.0,0.0,0.0,0.0,0.0,0.0,0.0,0.0,0.0,0.0,971.628,0.8174327,9.0,33.957,0.0285681,1.0,0.0,0.0,0.0,0.0,0.0,0.0,0.0,0.0,0.0,0.0,0.0,0.0,8627.39,7.25823,2.0,9.785,0.00823213,1.0
182,109792.52100000004,80.56281400000003,57.0,133225.377,97.75722800000004,199.0,2928.4100000000008,2.1487897200000003,57.0,2513.839,1.84458898,57.0,4193.58,3.0771374,13.0,4580.37,3.36095,1.0,47.552,0.0348924,1.0,googlenet-9.onnx,0.0,0.0,0.0,0.0,0.0,0.0,0.0,0.0,0.0,0.0,0.0,0.0,822.332,0.6034054,9.0,36.004,0.0264188,1.0,0.0,0.0,0.0,0.0,0.0,0.0,0.0,0.0,0.0,0.0,0.0,0.0,8298.57,6.0892800000000005,2.0,12.199,0.0089513,1.0
183,99513.05,77.88338599999997,57.0,124916.441,97.76523571999994,199.0,3014.792,2.3595131,57.0,2656.078000000001,2.07876684,57.0,9523.263,7.453341099999999,13.0,1180.13,0.923625,1.0,2.762,0.00216167,1.0,googlenet-9.onnx,0.0,0.0,0.0,0.0,0.0,0.0,0.0,0.0,0.0,0.0,0.0,0.0,857.216,0.6708964,9.0,36.628,0.0286667,1.0,0.0,0.0,0.0,0.0,0.0,0.0,0.0,0.0,0.0,0.0,0.0,0.0,8121.88,6.35655,2.0,10.642,0.00832891,1.0
184,113168.05199999998,81.48425480000002,57.0,135234.74399999998,97.3729221200001,199.0,3539.8109999999992,2.54876769,57.0,2999.6379999999995,2.1598264799999995,57.0,4694.116999999999,3.3799039000000004,13.0,1316.45,0.947886,1.0,3.362,0.00242074,1.0,googlenet-9.onnx,0.0,0.0,0.0,0.0,0.0,0.0,0.0,0.0,0.0,0.0,0.0,0.0,1070.599,0.7708623,9.0,36.835,0.0265223,1.0,0.0,0.0,0.0,0.0,0.0,0.0,0.0,0.0,0.0,0.0,0.0,0.0,8395.3,6.04486,2.0,10.58,0.00761791,1.0
185,88046.136,80.78842899999997,57.0,106190.966,97.43757725,199.0,2169.967000000001,1.9910953,57.0,1889.231000000001,1.7335005999999995,57.0,3803.082000000001,3.4895919,13.0,1154.29,1.05914,1.0,2.876,0.00263893,1.0,googlenet-9.onnx,0.0,0.0,0.0,0.0,0.0,0.0,0.0,0.0,0.0,0.0,0.0,0.0,825.29,0.7572608000000001,9.0,48.143,0.0441746,1.0,0.0,0.0,0.0,0.0,0.0,0.0,0.0,0.0,0.0,0.0,0.0,0.0,8241.58,7.56223,2.0,10.371,0.00951612,1.0
186,95385.61000000007,82.38340500000002,57.0,113055.2990000001,97.64450654,199.0,2226.0460000000003,1.9226094,57.0,1891.441,1.6336150900000004,57.0,3950.917,3.4123614,13.0,1159.07,1.00107,1.0,2.574,0.00222313,1.0,googlenet-9.onnx,0.0,0.0,0.0,0.0,0.0,0.0,0.0,0.0,0.0,0.0,0.0,0.0,693.3130000000001,0.5988061000000001,9.0,33.52,0.0289508,1.0,0.0,0.0,0.0,0.0,0.0,0.0,0.0,0.0,0.0,0.0,0.0,0.0,7702.52,6.65258,2.0,10.288,0.00888562,1.0
187,91089.89700000006,81.057523,57.0,109732.68100000006,97.64704491000008,199.0,2348.255999999999,2.0896261499999995,57.0,2007.3509999999992,1.7862673,57.0,3946.59,3.5119256,13.0,1141.21,1.01552,1.0,3.219,0.00286447,1.0,googlenet-9.onnx,0.0,0.0,0.0,0.0,0.0,0.0,0.0,0.0,0.0,0.0,0.0,0.0,696.0079999999999,0.6193514999999999,9.0,36.7,0.032658,1.0,0.0,0.0,0.0,0.0,0.0,0.0,0.0,0.0,0.0,0.0,0.0,0.0,8453.18,7.522169999999999,2.0,10.27,0.00913889,1.0
188,95028.065,81.8338252,57.0,113492.69699999991,97.73472273999992,199.0,2295.8850000000007,1.9771112,57.0,1971.971000000001,1.6981716999999998,57.0,3801.687,3.2738388,13.0,1193.01,1.02736,1.0,3.125,0.00269111,1.0,googlenet-9.onnx,0.0,0.0,0.0,0.0,0.0,0.0,0.0,0.0,0.0,0.0,0.0,0.0,759.7909999999999,0.6542972,9.0,39.395,0.0339252,1.0,0.0,0.0,0.0,0.0,0.0,0.0,0.0,0.0,0.0,0.0,0.0,0.0,8389.5,7.22466,2.0,10.268,0.00884233,1.0
189,88853.68000000001,81.53484499999999,57.0,106461.32099999992,97.69213778999996,199.0,2147.8140000000008,1.970898,57.0,1821.057,1.6710566999999996,57.0,3771.575,3.4609099,13.0,1236.96,1.13507,1.0,2.673,0.00245282,1.0,googlenet-9.onnx,0.0,0.0,0.0,0.0,0.0,0.0,0.0,0.0,0.0,0.0,0.0,0.0,698.819,0.6412571999999999,9.0,34.62,0.0317683,1.0,0.0,0.0,0.0,0.0,0.0,0.0,0.0,0.0,0.0,0.0,0.0,0.0,7884.129999999999,7.234710000000001,2.0,9.993,0.00916987,1.0
190,83365.843,80.48734400000001,57.0,101028.38100000002,97.54001731,199.0,2139.7970000000005,2.0659127000000006,57.0,1832.2440000000008,1.7689789999999996,57.0,3747.433,3.6180385,13.0,1143.45,1.10397,1.0,2.594,0.00250443,1.0,googlenet-9.onnx,0.0,0.0,0.0,0.0,0.0,0.0,0.0,0.0,0.0,0.0,0.0,0.0,722.343,0.6974009,9.0,34.939,0.0337326,1.0,0.0,0.0,0.0,0.0,0.0,0.0,0.0,0.0,0.0,0.0,0.0,0.0,8029.52,7.75227,2.0,10.218,0.00986518,1.0
191,96144.88499999997,82.390775,57.0,113970.97399999996,97.66672961999998,199.0,2175.096,1.8639345800000005,57.0,1790.2989999999995,1.5341853999999997,57.0,3813.555,3.2680025000000006,13.0,1161.83,0.995622,1.0,2.391,0.00204895,1.0,googlenet-9.onnx,0.0,0.0,0.0,0.0,0.0,0.0,0.0,0.0,0.0,0.0,0.0,0.0,757.8200000000002,0.6494097000000001,9.0,31.206,0.0267418,1.0,0.0,0.0,0.0,0.0,0.0,0.0,0.0,0.0,0.0,0.0,0.0,0.0,8083.74,6.92731,2.0,10.152,0.00869969,1.0
192,98048.27200000004,81.530868,57.0,117324.02300000004,97.55939386000004,199.0,2872.187,2.38833395,57.0,1923.641,1.5995808999999996,57.0,3846.215,3.1982752000000003,13.0,1447.92,1.204,1.0,2.996,0.00249129,1.0,googlenet-9.onnx,0.0,0.0,0.0,0.0,0.0,0.0,0.0,0.0,0.0,0.0,0.0,0.0,1004.337,0.8351443,9.0,36.433,0.0302954,1.0,0.0,0.0,0.0,0.0,0.0,0.0,0.0,0.0,0.0,0.0,0.0,0.0,8131.709999999999,6.76183,2.0,10.312,0.00857482,1.0
193,95665.56600000004,82.720774,57.0,113059.76500000006,97.76131747999996,199.0,2203.740000000001,1.90554492,57.0,1888.787,1.6332092600000008,57.0,3749.074000000001,3.2417756,13.0,1145.88,0.990828,1.0,2.963,0.00256207,1.0,googlenet-9.onnx,0.0,0.0,0.0,0.0,0.0,0.0,0.0,0.0,0.0,0.0,0.0,0.0,712.9350000000002,0.6164659,9.0,38.935,0.0336666,1.0,0.0,0.0,0.0,0.0,0.0,0.0,0.0,0.0,0.0,0.0,0.0,0.0,7641.51,6.607520000000001,2.0,10.375,0.00897113,1.0
194,92413.15100000004,81.64901599999999,57.0,110620.66299999996,97.73575064999996,199.0,2236.8650000000007,1.976319090000001,57.0,2036.8170000000005,1.7995716000000002,57.0,3773.572,3.3340324999999997,13.0,1133.43,1.00141,1.0,2.893,0.00255603,1.0,googlenet-9.onnx,0.0,0.0,0.0,0.0,0.0,0.0,0.0,0.0,0.0,0.0,0.0,0.0,689.52,0.6092054,9.0,33.06,0.0292092,1.0,0.0,0.0,0.0,0.0,0.0,0.0,0.0,0.0,0.0,0.0,0.0,0.0,8290.33,7.324689999999999,2.0,11.025,0.00974083,1.0
195,93536.678,82.53472699999999,57.0,110737.25,97.71214402999996,199.0,2104.2580000000003,1.8567508000000008,57.0,1804.7630000000004,1.5924842999999995,57.0,3729.999,3.2912712,13.0,1163.29,1.02646,1.0,2.701,0.0023833,1.0,googlenet-9.onnx,0.0,0.0,0.0,0.0,0.0,0.0,0.0,0.0,0.0,0.0,0.0,0.0,672.052,0.5930041999999999,9.0,35.276,0.0311268,1.0,0.0,0.0,0.0,0.0,0.0,0.0,0.0,0.0,0.0,0.0,0.0,0.0,7678.059999999999,6.77496,2.0,10.173,0.00897643,1.0
196,120588.472,79.28635630000001,57.0,147744.19699999993,97.14113492000006,199.0,6890.595999999997,4.5305399,57.0,3250.813,2.1373959199999994,57.0,4668.625999999999,3.0696007000000005,13.0,1490.21,0.979808,1.0,3.54,0.00232754,1.0,googlenet-9.onnx,0.0,0.0,0.0,0.0,0.0,0.0,0.0,0.0,0.0,0.0,0.0,0.0,1818.151,1.1954274,9.0,37.432,0.0246114,1.0,0.0,0.0,0.0,0.0,0.0,0.0,0.0,0.0,0.0,0.0,0.0,0.0,8985.79,5.90812,2.0,10.567,0.00694776,1.0
197,115335.88799999992,84.84739460000002,57.0,132982.90999999992,97.82951860999997,199.0,2135.5470000000005,1.5710257000000003,57.0,1755.435,1.29139503,57.0,4348.2570000000005,3.1988157,13.0,854.454,0.628583,1.0,2.629,0.00193404,1.0,googlenet-9.onnx,0.0,0.0,0.0,0.0,0.0,0.0,0.0,0.0,0.0,0.0,0.0,0.0,878.3709999999999,0.6461782,9.0,67.488,0.0496479,1.0,0.0,0.0,0.0,0.0,0.0,0.0,0.0,0.0,0.0,0.0,0.0,0.0,7593.769999999999,5.586399999999999,2.0,11.071,0.00814444,1.0
198,105361.55999999995,80.42773700000001,57.0,127708.83399999994,97.48652619999996,199.0,2847.508,2.173642949999999,57.0,2351.778,1.795228250000001,57.0,4193.578,3.2011658,13.0,2873.85,2.19375,1.0,4.307,0.00328775,1.0,googlenet-9.onnx,0.0,0.0,0.0,0.0,0.0,0.0,0.0,0.0,0.0,0.0,0.0,0.0,903.0400000000002,0.6893358,9.0,41.475,0.0316599,1.0,0.0,0.0,0.0,0.0,0.0,0.0,0.0,0.0,0.0,0.0,0.0,0.0,9120.67,6.96227,2.0,11.068,0.00844875,1.0
199,86377.48099999999,80.91115799999999,57.0,104182.272,97.58917933,199.0,2106.793,1.9734655000000008,57.0,1787.7069999999997,1.6745732000000009,57.0,3758.058,3.5202321,13.0,1151.55,1.07867,1.0,2.711,0.00253944,1.0,googlenet-9.onnx,0.0,0.0,0.0,0.0,0.0,0.0,0.0,0.0,0.0,0.0,0.0,0.0,720.36,0.6747728000000001,9.0,37.466,0.035095,1.0,0.0,0.0,0.0,0.0,0.0,0.0,0.0,0.0,0.0,0.0,0.0,0.0,8229.99,7.70916,2.0,10.156,0.00951329,1.0
200,209907.792,93.16732400000002,36.0,219115.2990000001,97.25406546999996,377.0,0.0,0.0,0.0,1182.2779999999998,0.52475294,33.0,369.35,0.163936,1.0,597.471,0.265187,1.0,3100.8700000000013,1.3763173599999994,125.0,resnet34-v1-7.onnx,530.0070000000001,0.2352429799999999,36.0,2897.2169999999987,1.28592593,108.0,500.699,0.22223466,36.0,29.615,0.0131446,1.0,0.0,0.0,0.0,0.0,0.0,0.0,0.0,0.0,0.0,0.0,0.0,0.0,0.0,0.0,0.0,0.0,0.0,0.0,0.0,0.0,0.0,0.0,0.0,0.0
201,221558.043,93.18618699999998,36.0,232113.8679999998,97.62591368000002,377.0,0.0,0.0,0.0,1320.6789999999996,0.5554706100000002,33.0,397.577,0.167219,1.0,581.141,0.244425,1.0,3488.045000000001,1.46705397,125.0,resnet34-v1-7.onnx,567.171,0.23854924,36.0,3509.6910000000003,1.47615863,108.0,663.2340000000002,0.2789528299999999,36.0,28.287,0.0118974,1.0,0.0,0.0,0.0,0.0,0.0,0.0,0.0,0.0,0.0,0.0,0.0,0.0,0.0,0.0,0.0,0.0,0.0,0.0,0.0,0.0,0.0,0.0,0.0,0.0
202,194936.813,93.14478399999996,36.0,204280.54599999997,97.60940927000006,377.0,0.0,0.0,0.0,1230.832,0.5881162900000001,33.0,376.345,0.179825,1.0,547.989,0.26184,1.0,3352.505999999998,1.601896,125.0,resnet34-v1-7.onnx,521.3559999999999,0.24911457,36.0,2799.1900000000005,1.3375098399999998,108.0,485.38499999999993,0.23192687,36.0,30.13,0.0143967,1.0,0.0,0.0,0.0,0.0,0.0,0.0,0.0,0.0,0.0,0.0,0.0,0.0,0.0,0.0,0.0,0.0,0.0,0.0,0.0,0.0,0.0,0.0,0.0,0.0
203,213026.47500000003,93.253187,36.0,223573.67800000007,97.87026891,377.0,0.0,0.0,0.0,1347.982,0.5900842100000002,33.0,413.427,0.180979,1.0,571.939,0.250369,1.0,3588.3660000000013,1.5708225799999995,125.0,resnet34-v1-7.onnx,578.458,0.25322237,36.0,3508.855999999999,1.53601645,108.0,508.3519999999999,0.2225332,36.0,29.823,0.0130551,1.0,0.0,0.0,0.0,0.0,0.0,0.0,0.0,0.0,0.0,0.0,0.0,0.0,0.0,0.0,0.0,0.0,0.0,0.0,0.0,0.0,0.0,0.0,0.0,0.0
204,218307.097,93.428286,36.0,228694.99299999987,97.87396564999992,377.0,0.0,0.0,0.0,1346.038,0.5760603899999999,33.0,373.82,0.159983,1.0,599.7,0.256652,1.0,3582.217999999999,1.5330718999999997,125.0,resnet34-v1-7.onnx,558.9809999999999,0.23922559,36.0,3369.261000000001,1.4419331999999991,108.0,524.565,0.22449667,36.0,33.313,0.0142569,1.0,0.0,0.0,0.0,0.0,0.0,0.0,0.0,0.0,0.0,0.0,0.0,0.0,0.0,0.0,0.0,0.0,0.0,0.0,0.0,0.0,0.0,0.0,0.0,0.0
205,214253.03600000005,93.338439,36.0,224333.06400000013,97.72976204,377.0,0.0,0.0,0.0,1262.005,0.54978697,33.0,376.588,0.164059,1.0,589.409,0.256774,1.0,3462.075999999999,1.5082389700000003,125.0,resnet34-v1-7.onnx,579.1389999999999,0.25229956,36.0,3210.697000000001,1.3987272999999996,108.0,570.471,0.24852334,36.0,29.643,0.0129139,1.0,0.0,0.0,0.0,0.0,0.0,0.0,0.0,0.0,0.0,0.0,0.0,0.0,0.0,0.0,0.0,0.0,0.0,0.0,0.0,0.0,0.0,0.0,0.0,0.0
206,262414.23799999995,92.41855700000002,36.0,277819.82199999987,97.84418400100007,377.0,0.0,0.0,0.0,1894.891,0.6673543000000001,33.0,640.308,0.225507,1.0,388.561,0.136846,1.0,5784.166000000003,2.0371003510000003,125.0,resnet34-v1-7.onnx,721.3209999999999,0.25403888,36.0,5202.360000000001,1.83219687,108.0,739.005,0.2602670000000001,36.0,34.972,0.0123166,1.0,0.0,0.0,0.0,0.0,0.0,0.0,0.0,0.0,0.0,0.0,0.0,0.0,0.0,0.0,0.0,0.0,0.0,0.0,0.0,0.0,0.0,0.0,0.0,0.0
207,218012.04899999997,93.966947,36.0,227106.034,97.886611685,377.0,0.0,0.0,0.0,1224.3380000000002,0.5277111399999999,33.0,370.594,0.159732,1.0,371.055,0.159931,1.0,3057.192,1.3177028850000003,125.0,resnet34-v1-7.onnx,557.6200000000001,0.24034395,36.0,2970.6910000000007,1.2804189900000005,108.0,510.802,0.2201645199999999,36.0,31.693,0.0136602,1.0,0.0,0.0,0.0,0.0,0.0,0.0,0.0,0.0,0.0,0.0,0.0,0.0,0.0,0.0,0.0,0.0,0.0,0.0,0.0,0.0,0.0,0.0,0.0,0.0
208,220365.8,93.636471,36.0,230366.987,97.88611408,377.0,0.0,0.0,0.0,1461.5220000000002,0.62102105,33.0,451.127,0.19169,1.0,571.856,0.24299,1.0,3421.872999999999,1.45400114,125.0,resnet34-v1-7.onnx,546.3050000000001,0.23213256,36.0,2985.278,1.2684857800000002,108.0,526.734,0.22381655,36.0,36.492,0.015506,1.0,0.0,0.0,0.0,0.0,0.0,0.0,0.0,0.0,0.0,0.0,0.0,0.0,0.0,0.0,0.0,0.0,0.0,0.0,0.0,0.0,0.0,0.0,0.0,0.0
209,213197.655,93.510826,36.0,222789.558,97.71793942000008,377.0,0.0,0.0,0.0,1224.03,0.53687275,33.0,377.212,0.165449,1.0,558.753,0.245075,1.0,3344.934,1.4671252000000004,125.0,resnet34-v1-7.onnx,555.6030000000002,0.24369359,36.0,3001.3029999999994,1.316404310000001,108.0,497.952,0.2184071699999999,36.0,32.116,0.0140864,1.0,0.0,0.0,0.0,0.0,0.0,0.0,0.0,0.0,0.0,0.0,0.0,0.0,0.0,0.0,0.0,0.0,0.0,0.0,0.0,0.0,0.0,0.0,0.0,0.0
210,216689.11800000005,93.921478,36.0,225876.66400000005,97.90371591000006,377.0,0.0,0.0,0.0,1271.1709999999998,0.55097459,33.0,390.42,0.169223,1.0,570.974,0.247482,1.0,3158.6200000000013,1.3690686600000006,125.0,resnet34-v1-7.onnx,528.3979999999999,0.2290281599999999,36.0,2755.9979999999987,1.1945559999999995,108.0,480.2179999999999,0.2081450999999999,36.0,31.747,0.0137604,1.0,0.0,0.0,0.0,0.0,0.0,0.0,0.0,0.0,0.0,0.0,0.0,0.0,0.0,0.0,0.0,0.0,0.0,0.0,0.0,0.0,0.0,0.0,0.0,0.0
211,215555.861,93.775086,36.0,224903.54100000023,97.84168715000008,377.0,0.0,0.0,0.0,1235.7200000000005,0.53758611,33.0,372.978,0.16226,1.0,542.034,0.235806,1.0,3259.91,1.4181859799999998,125.0,resnet34-v1-7.onnx,518.253,0.2254599299999999,36.0,2898.9609999999984,1.2611596999999997,108.0,483.38199999999983,0.21028973,36.0,36.442,0.0158537,1.0,0.0,0.0,0.0,0.0,0.0,0.0,0.0,0.0,0.0,0.0,0.0,0.0,0.0,0.0,0.0,0.0,0.0,0.0,0.0,0.0,0.0,0.0,0.0,0.0
212,214539.951,93.495306,36.0,224364.8940000001,97.77695983000004,377.0,0.0,0.0,0.0,1335.6279999999997,0.5820589000000002,33.0,356.173,0.155218,1.0,548.925,0.239218,1.0,3402.0080000000025,1.48257622,125.0,resnet34-v1-7.onnx,531.92,0.23180771,36.0,3119.735,1.359562610000001,108.0,494.8520000000001,0.2156536899999999,36.0,35.702,0.0155587,1.0,0.0,0.0,0.0,0.0,0.0,0.0,0.0,0.0,0.0,0.0,0.0,0.0,0.0,0.0,0.0,0.0,0.0,0.0,0.0,0.0,0.0,0.0,0.0,0.0
213,216669.692,94.02356800000004,36.0,225612.621,97.904343204,377.0,0.0,0.0,0.0,1180.8319999999997,0.51242046,33.0,377.661,0.163886,1.0,537.646,0.233311,1.0,3047.163,1.3223135339999994,125.0,resnet34-v1-7.onnx,513.5949999999999,0.22287405,36.0,2739.227999999999,1.18868509,108.0,509.626,0.22115167,36.0,37.178,0.0161334,1.0,0.0,0.0,0.0,0.0,0.0,0.0,0.0,0.0,0.0,0.0,0.0,0.0,0.0,0.0,0.0,0.0,0.0,0.0,0.0,0.0,0.0,0.0,0.0,0.0
214,226409.654,93.349102,36.0,237318.06900000016,97.84666136000006,377.0,0.0,0.0,0.0,1416.727,0.58411948,33.0,399.909,0.164883,1.0,576.91,0.237861,1.0,3811.965999999999,1.571680160000001,125.0,resnet34-v1-7.onnx,576.24,0.2375847999999999,36.0,3547.2810000000004,1.46255068,108.0,540.931,0.22302684,36.0,38.451,0.0158534,1.0,0.0,0.0,0.0,0.0,0.0,0.0,0.0,0.0,0.0,0.0,0.0,0.0,0.0,0.0,0.0,0.0,0.0,0.0,0.0,0.0,0.0,0.0,0.0,0.0
215,231155.142,93.64473900000002,36.0,241772.36200000005,97.94594935000003,377.0,0.0,0.0,0.0,1525.3849999999998,0.6179586200000001,33.0,608.07,0.246339,1.0,554.934,0.224813,1.0,3577.7689999999984,1.44941266,125.0,resnet34-v1-7.onnx,552.39,0.22378227,36.0,3274.11,1.3263961200000014,108.0,491.566,0.1991414799999999,36.0,32.996,0.0133672,1.0,0.0,0.0,0.0,0.0,0.0,0.0,0.0,0.0,0.0,0.0,0.0,0.0,0.0,0.0,0.0,0.0,0.0,0.0,0.0,0.0,0.0,0.0,0.0,0.0
216,225854.863,93.11879799999998,36.0,236824.648,97.64158385999988,377.0,0.0,0.0,0.0,1318.0900000000004,0.5434417100000001,33.0,389.404,0.160549,1.0,594.744,0.24521,1.0,3905.349999999999,1.6101553800000008,125.0,resnet34-v1-7.onnx,606.9,0.2502217899999999,36.0,3555.476,1.4659048500000005,108.0,560.2989999999999,0.23100843,36.0,39.522,0.0162947,1.0,0.0,0.0,0.0,0.0,0.0,0.0,0.0,0.0,0.0,0.0,0.0,0.0,0.0,0.0,0.0,0.0,0.0,0.0,0.0,0.0,0.0,0.0,0.0,0.0
217,227834.866,92.639171,36.0,240134.659,97.64034790000002,377.0,0.0,0.0,0.0,1539.37,0.62591823,33.0,392.582,0.159626,1.0,562.724,0.228807,1.0,4274.7210000000005,1.7381298000000007,125.0,resnet34-v1-7.onnx,887.4459999999999,0.3608417400000001,36.0,3996.477000000001,1.6249939800000008,108.0,611.8200000000002,0.2487700499999999,36.0,34.653,0.0140901,1.0,0.0,0.0,0.0,0.0,0.0,0.0,0.0,0.0,0.0,0.0,0.0,0.0,0.0,0.0,0.0,0.0,0.0,0.0,0.0,0.0,0.0,0.0,0.0,0.0
218,234377.99699999997,93.560376,36.0,245279.88999999987,97.91225752999996,377.0,0.0,0.0,0.0,1601.6150000000005,0.6393429399999999,33.0,370.669,0.147966,1.0,591.515,0.236124,1.0,3982.500000000001,1.58975742,125.0,resnet34-v1-7.onnx,598.245,0.2388109499999999,36.0,3212.7969999999987,1.28250276,108.0,511.74500000000006,0.20428136,36.0,32.807,0.0130961,1.0,0.0,0.0,0.0,0.0,0.0,0.0,0.0,0.0,0.0,0.0,0.0,0.0,0.0,0.0,0.0,0.0,0.0,0.0,0.0,0.0,0.0,0.0,0.0,0.0
219,218779.64900000003,93.54785700000002,36.0,228659.81200000015,97.77251307000002,377.0,0.0,0.0,0.0,1233.1509999999998,0.5272825300000001,33.0,371.196,0.15872,1.0,577.775,0.247051,1.0,3515.985,1.50339883,125.0,resnet34-v1-7.onnx,585.9580000000001,0.25054947,36.0,3041.9509999999977,1.30070674,108.0,522.12,0.2232531,36.0,32.027,0.0136944,1.0,0.0,0.0,0.0,0.0,0.0,0.0,0.0,0.0,0.0,0.0,0.0,0.0,0.0,0.0,0.0,0.0,0.0,0.0,0.0,0.0,0.0,0.0,0.0,0.0
